Registry,ID,Name,Type,Location,SDGs,Project Start Date,Credits Issued,Credits Retired,Project Website
CAR,CAR1317,CE&S Dairy,Livestock - ARB Compliance,US,[],9/26/2024,31359,0,http://calbioenergy.com/
CAR,CAR639,"El Dorado Nitrogen, LP - Nitrous Oxide Abatement Project",Nitric Acid N2O- Secondary Catalyst,US,[],9/20/2024,85148,0,
CAR,CAR1316,Lakeview Farms Dairy,Livestock - ARB Compliance,US,[],8/30/2024,26033,0,http://calbioenergy.com/
CAR,CAR1409,Martell,Improved Forest Management - ARB Compliance,US,[],7/26/2024,268062,0,
CAR,CAR1480,Phlogiston Phase I,Adipic Acid,US,[],8/8/2024,1253154,0,
CAR,CAR443,South Kent Landfill Gas to Energy Project,Landfill Gas Capture/Combustion,US,[],9/20/2024,25500,0,
CAR,CAR1315,West Star North Dairy,Livestock - ARB Compliance,US,[],9/5/2024,33512,0,http://calbioenergy.com/
CAR,CAR1298,Adirondack Farms,Livestock - ARB Compliance,US,[],12/13/2023,4526,0,
CAR,CAR1105,American Soda LLC Waste Mine Methane Project,Mine Methane Capture - ARB Compliance,US,[],7/30/2024,329027,0,
CAR,CAR888,Angelina County Landfill,Landfill Gas Capture/Combustion,US,[],11/27/2023,17880,0,
CAR,CAR1324,AR-Joy Farm Dairy Digester,Livestock - ARB Compliance,US,[],3/12/2024,3209,0,
CAR,CAR1110,Backbone,Improved Forest Management - ARB Compliance,US,[],1/19/2024,59454,0,
CAR,CAR683,Blue Source - Francis Beidler Improved Forest Management Project,Improved Forest Management,US,[],9/12/2024,9951,0,
CAR,CAR1587,Bonos de Carbono-San José del Rincón-Mariposa Monarca-Concepción del Monte,Forestry - MX,MX,[],8/4/2023,65,0,
CAR,CAR1588,Bonos de Carbono-San José del Rincón-Mariposa Monarca-Ejido Las Rosas,Forestry - MX,MX,[],8/4/2023,110,0,
CAR,CAR1589,Bonos de Carbono-San José del Rincón-Mariposa Monarca-Ejido Los Lobos,Forestry - MX,MX,[],8/4/2023,61,0,
CAR,CAR1590,Bonos de Carbono-San José del Rincón-Mariposa Monarca-Ejido Rosa de Palo Amarillo,Forestry - MX,MX,[],8/4/2023,77,0,
CAR,CAR1591,Bonos de Carbono-San José del Rincón-Mariposa Monarca-Ejido San Felipe de Jesús,Forestry - MX,MX,[],8/4/2023,32,0,
CAR,CAR1865,BONOS LAGUNA SÍJIL NOH-HÁ,Forestry - MX,MX,[],8/27/2024,54916,0,
CAR,CAR1863,BONOS X-HAZIL DE LA RUTA SIAN KA´AN,Forestry - MX,MX,[],9/17/2024,56441,0,
CAR,CAR531,Buncombe County Landfill,Landfill Gas Capture/Combustion,US,[],2/28/2024,2694,0,http://www.buncombecounty.org
CAR,CAR515,Canadian Valley Landfill,Landfill Gas Capture/Combustion,US,[],6/28/2024,21336,0,
CAR,CAR1804,"Captura de Carbono en los Bosques de Coníferas y Latifoliadas  del Ejido La Victoria y Anexos, Municipio de Pueblo Nuevo, Estado de Durango, México",Forestry - MX,MX,[],9/26/2024,59316,0,
CAR,CAR1859,Carbono Forestal La Catedral,Forestry - MX,MX,[],8/22/2024,142911,0,
CAR,CAR1744,Carbono Forestal La Norteñita,Forestry - MX,MX,[],12/5/2023,31317,0,http://www.grupolanortenita.com/
CAR,CAR1569,"Carbono, Agua y Biodiversidad Indígena Abejones",Forestry - MX,MX,[],8/30/2023,560,0,http://www.icico.mx
CAR,CAR1415,"Carbono, Agua y Biodiversidad Indígena Capulálpam",Forestry - MX,MX,[],8/31/2023,195,0,http://www.icico.mx
CAR,CAR1532,"Carbono, Agua y Biodiversidad Indígena Comaltepec",Forestry - MX,MX,[],8/31/2023,960,0,http://www.icico.mx
CAR,CAR1461,"Carbono, Agua y Biodiversidad Indígena Ixtlán",Forestry - MX,MX,[],8/30/2023,1245,0,http://www.icico.mx
CAR,CAR1531,"Carbono, Agua y Biodiversidad Indígena Jaltianguis",Forestry - MX,MX,[],8/30/2023,124,0,http://www.icico.mx
CAR,CAR1399,"Carbono, Agua y Biodiversidad Indígena La Trinidad",Forestry - MX,MX,[],8/31/2023,150,0,http://www.icico.mx
CAR,CAR1443,"Carbono, Agua y Biodiversidad Indígena Maninaltepec",Forestry - MX,MX,[],8/31/2023,302,0,http://www.icico.mx
CAR,CAR1462,"Carbono, Agua y Biodiversidad Indígena Metaltepec",Forestry - MX,MX,[],8/31/2023,175,0,http://www.icico.mx
CAR,CAR1463,"Carbono, Agua y Biodiversidad Indígena Peñoles",Forestry - MX,MX,[],8/30/2023,1037,0,http://www.icico.mx
CAR,CAR1464,"Carbono, Agua y Biodiversidad Indígena San Bartolomé",Forestry - MX,MX,[],8/30/2023,1215,0,http://www.icico.mx
CAR,CAR1411,"Carbono, Agua y Biodiversidad Indígena Xiacuí",Forestry - MX,MX,[],8/31/2023,244,0,http://www.icico.mx
CAR,CAR866,Cedar Grove - Maple Valley OWC Composting Project,Organic Waste Composting,US,[],8/20/2024,43433,0,
CAR,CAR825,Cedar Grove Composting,Organic Waste Composting,US,[],7/30/2024,15266,0,http://www.cedar-grove.com/
CAR,CAR1264,Chugach Alaska Forest Carbon Project,Improved Forest Management - ARB Compliance,US,[],11/1/2023,95309,0,
CAR,CAR887,City of Thomasville MSW Landfill,Landfill Gas Capture/Combustion,US,[],6/20/2024,16160,0,
CAR,CAR1860,ClimeCo ODS Destruction 36,Ozone Depleting Substances - U.S. - ARB Compliance,US,[],6/17/2024,45265,0,http://www.climeco.com
CAR,CAR1335,Coffeyville NAP2,Nitric Acid N2O- Tertiary Catalyst,US,[],12/6/2023,102166,0,
CAR,CAR1382,Cohasset 2019,Improved Forest Management - ARB Compliance,US,[],1/9/2024,34642,0,
CAR,CAR1496,Comunidad Rio y Papudos,Forestry - MX,MX,[],8/30/2024,5114,0,
CAR,CAR969,Dairyland Digester,Livestock - ARB Compliance,US,[],3/4/2024,54037,0,
CAR,CAR1608,Ejido Gavilanes,Forestry - MX,MX,[],4/5/2024,12365,0,
CAR,CAR1607,Ejido Piedras Negras,Forestry - MX,MX,[],4/5/2024,10762,0,
CAR,CAR1606,Ejido Pozo Pirata,Forestry - MX,MX,[],4/5/2024,12642,0,
CAR,CAR1497,Ejido Salto de Camellones,Forestry - MX,MX,[],8/30/2024,11012,0,
CAR,CAR1494,Ejido Topia,Forestry - MX,MX,[],8/30/2024,9356,0,
CAR,CAR1660,Ejido Tutuaca,Forestry - MX,MX,[],9/13/2024,73497,0,
CAR,CAR1495,Ejido Valle de Topia,Forestry - MX,MX,[],8/30/2024,17028,0,
CAR,CAR444,Erie County Landfill,Landfill Gas Capture/Combustion,US,[],2/5/2024,32954,0,
CAR,CAR996,Farm Power Misty Meadow Anaerobic Digester,Livestock Gas Capture/Combustion,US,[],9/9/2024,14482,0,
CAR,CAR1208,Finite Carbon - Alma Land Company IFM,Improved Forest Management - ARB Compliance,US,[],9/30/2024,62534,0,
CAR,CAR1204,Finite Carbon - AMC Silver Lake IFM,Improved Forest Management - ARB Compliance,US,[],8/23/2024,1234,0,
CAR,CAR1436,Finite Carbon - Dingess Rum IFM,Improved Forest Management - ARB Compliance,US,[],1/4/2024,15287,0,
CAR,CAR1175,Finite Carbon - Passamaquoddy Tribe IFM,Improved Forest Management - ARB Compliance,US,[],8/15/2024,156572,0,
CAR,CAR1098,Garcia River Forest - ARB,Improved Forest Management - ARB Compliance,US,[],2/1/2024,137096,0,http://www.conservationfund.org
CAR,CAR475,Gaston County Landfill Gas Destruction Project,Landfill Gas Capture/Combustion,US,[],8/23/2024,104701,0,
CAR,CAR1109,Green Assets – Woodlands Nature Reserve Avoided Conversion Project,Avoided Conversion - ARB Compliance,US,[],6/20/2024,2752,0,
CAR,CAR1099,Gualala River Forest - ARB,Improved Forest Management - ARB Compliance,US,[],5/10/2024,75629,0,http://www.conservationfund.org
CAR,CAR1562,Hamptons Road Recovery Center,Landfill Gas Capture/Combustion,US,[],9/4/2024,1968,0,
CAR,CAR635,Hancock County Landfill Gas Collection Project,Landfill Gas Capture/Combustion,US,[],11/21/2023,58234,0,
CAR,CAR1238,Heartland Ranch Phase 1,Avoided Grassland Conversion,US,[],3/29/2024,3031,0,http://Southern Plains Land Trust
CAR,CAR1299,Heartland Ranch Phase 2,Avoided Grassland Conversion,US,[],3/29/2024,1185,0,http://Southern Plains Land Trust
CAR,CAR1328,Heartland Ranch Phase 3,Avoided Grassland Conversion,US,[],3/29/2024,351,0,http://Southern Plains Land Trust
CAR,CAR1693,Heartland Ranch Phase 4,Avoided Grassland Conversion,US,[],3/29/2024,2062,0,http://southernplains.org
CAR,CAR1694,Heartland Ranch Phase 5,Avoided Grassland Conversion,US,[],3/29/2024,2647,0,http://southernplains.org
CAR,CAR422,Hernando County Landfill Electric Generation,Landfill Gas Capture/Combustion,US,[],1/31/2024,38486,0,http://www.timberlineenergy.com
CAR,CAR829,Hilltop Sand and Gravel Landfill GHG Project,Landfill Gas Capture/Combustion,US,[],7/11/2024,8150,0,
CAR,CAR1339,Humboldt Mixed Forest Improvement Project,Improved Forest Management - ARB Compliance,US,[],5/17/2024,76566,0,
CAR,CAR838,IESI-Trinity Timber Ridge Landfill Carbon Project,Landfill Gas Capture/Combustion,US,[],10/25/2023,11297,0,
CAR,CAR522,Kentucky Blue Ridge Landfill,Landfill Gas Capture/Combustion,US,[],6/28/2024,30864,0,
CAR,CAR509,Larimer County Landfill Gas Project,Landfill Gas Capture/Combustion,US,[],9/12/2024,10737,0,
CAR,CAR1408,Lassen,Improved Forest Management - ARB Compliance,US,[],1/4/2024,299198,0,
CAR,CAR1050,Lawton GCCS,Landfill Gas Capture/Combustion,US,[],7/1/2024,11822,0,
CAR,CAR1096,Lenz Composting,Organic Waste Composting,US,[],7/30/2024,21388,0,
CAR,CAR1332,Lubrecht Experimental Forest Carbon Project,Improved Forest Management - ARB Compliance,US,[],8/29/2024,11421,0,
CAR,CAR521,Maple Hill Landfill,Landfill Gas Capture/Combustion,US,[],6/28/2024,65050,0,
CAR,CAR1425,Medford Spring Grassland Conservation,Avoided Grassland Conversion,US,[],3/29/2024,2141,0,http://southernplains.org
CAR,CAR406,Moccasin Mike Landfill Gas Project,Landfill Gas Capture/Combustion,US,[],8/20/2024,37920,0,
CAR,CAR1384,Mosquito 2019,Improved Forest Management - ARB Compliance,US,[],1/17/2024,87667,0,
CAR,CAR1624,Nitric Acid,Nitric Acid N2O- Secondary Catalyst,US,[],11/14/2023,129255,0,
CAR,CAR674,"Oneida Herkimer Landfill Ava, NY",Landfill Gas Capture/Combustion,US,[],1/18/2024,125545,0,http://www.ohswa.org
CAR,CAR1340,"Optima KV, LLC",Livestock - ARB Compliance,US,[],3/1/2024,16311,0,http://www.pig.energy
CAR,CAR1737,ProCarbono: Ejido El Rincón,Forestry - MX,MX,[],2/27/2024,3567,0,http://www.carbonof.com/El Rincon
CAR,CAR1735,ProCarbono: Ejido Las Hacienditas y Anexos,Forestry - MX,MX,[],3/6/2024,19384,0,http://www.carbonof.com/hacienditas
CAR,CAR1675,ProCarbono: Ejido Quebrada de Cebollas,Forestry - MX,MX,[],2/28/2024,16425,0,http://www.carbonof.com/quebrada-de-cebollas
CAR,CAR1736,ProCarbono: Ejido Silvestre Revueltas,Forestry - MX,MX,[],2/16/2024,3224,0,http://www.carbonof.com/Silvestre
CAR,CAR1704,ProCarbono: Ejios Los Altares,Forestry - MX,MX,[],1/24/2024,39494,0,http://https://carbonof.com/los-altares
CAR,CAR1829,Proyecto Forestal de Captura de Carbono Comunidad San Jerónimo Coatlán,Forestry - MX,MX,[],5/16/2024,123400,0,http://N/A
CAR,CAR1506,Proyecto forestal de carbono del Ejido Lázaro Cárdenas Número 2,Forestry - MX,MX,[],7/19/2024,438,0,
CAR,CAR1505,Proyecto forestal de carbono del Ejido Pioneros de Río Xhon - Ha,Forestry - MX,MX,[],7/19/2024,1006,0,
CAR,CAR1584,"Proyecto forestal de carbono del Ejido San Diego de Tezains, Durango, México",Forestry - MX,MX,[],5/17/2024,301533,0,http://https://drive.google.com/drive/folders/1p_UCTyUQEEj8U7HPP9rDCPF4kMO3zvhA?usp=sharing
CAR,CAR1847,Proyecto Forestal de Carbono Ejido La Ciudad,Forestry - MX,MX,[],7/8/2024,39495,0,
CAR,CAR1237,Raven's Nest Nature Preserve,Avoided Grassland Conversion,US,[],3/29/2024,893,0,http://Southern Plains Land Trust
CAR,CAR1321,Remley Family Farms Anaerobic Digester,Livestock - ARB Compliance,US,[],3/4/2024,5022,0,
CAR,CAR811,Rentech Energy Midwest Corporation – Nitric Acid Plant 1,Nitric Acid N2O- Tertiary Catalyst,US,[],6/24/2024,87596,0,
CAR,CAR1027,"Rentech Nitrogen, LLC - Nitric Acid Plant 2",Nitric Acid N2O- Secondary Catalyst,US,[],6/24/2024,92825,0,
CAR,CAR516,Resource Recovery Landfill,Landfill Gas Capture/Combustion,US,[],7/24/2024,30967,0,
CAR,CAR1820,Restauración Forestal Santa Elena,Forestry - MX,MX,[],8/29/2024,64591,0,
CAR,CAR1739,Restauración Forestal X-pichil,Forestry - MX,MX,[],4/29/2024,82675,0,http://www.canopiacarbon.com
CAR,CAR512,Rio Grande Valley Landfill,Landfill Gas Capture/Combustion,US,[],5/22/2024,90076,0,
CAR,CAR1372,Rochelle Municipal Landfill,Landfill Gas Capture/Combustion,US,[],6/25/2024,97786,0,
CAR,CAR1442,Shasta Cascade Timberlands Forest Carbon Project,Improved Forest Management - ARB Compliance,US,[],7/31/2024,172613,0,
CAR,CAR1162,SIG Carbon - Northeast Wilderness Trust - Alder Stream Preserve,Improved Forest Management - ARB Compliance,US,[],3/29/2024,1539,0,http://www.sigcarbon.com
CAR,CAR1161,SIG Carbon– Northeast Wilderness Trust – Howland Research Forest,Improved Forest Management - ARB Compliance,US,[],3/28/2024,861,0,http://www.sigcarbon.com
CAR,CAR1579,Sonora,Improved Forest Management - ARB Compliance,US,[],5/22/2024,301742,0,
CAR,CAR400,South Jordan Landfill Gas Destruction Project,Landfill Gas Capture/Combustion,US,[],5/3/2024,218257,0,
CAR,CAR514,Stillwater Sanitary Landfill,Landfill Gas Capture/Combustion,US,[],6/27/2024,50977,0,
CAR,CAR1145,"Storms Hog Power, LLC",Livestock - ARB Compliance,US,[],3/12/2024,13075,0,
CAR,CAR1138,Sunnyside Farms COP,Livestock - ARB Compliance,US,[],8/8/2024,41616,0,
CAR,CAR1337,Two Fiets Digester,Livestock - ARB Compliance,US,[],2/6/2024,13335,0,
CAR,CAR1139,Usal Redwood Forest - IFM,Improved Forest Management - ARB Compliance,US,[],9/17/2024,130794,0,http://www.rffi.org
CAR,CAR1265,Verwey Hanford Dairy Digester,Livestock - ARB Compliance,US,[],6/12/2024,60487,0,
CAR,CAR436,Volunteer Regional Landfill,Landfill Gas Capture/Combustion,US,[],6/21/2024,72019,0,
CAR,CAR1008,Washington Beef LLC Greenhouse Gas and Solids Reduction Project,Organic Waste Digestion,US,[],7/29/2024,32514,0,
CAR,CAR1246,Woodcrest Dairy Digester,Livestock - ARB Compliance,US,[],12/4/2023,7859,0,
CAR,CAR1663,"XICO2e Carbono Forestal Ejido Pueblo Nuevo, Durango, México",Forestry - MX,MX,[],10/4/2024,357560,0,
CAR,CAR1560,A-Gas 1-2022,Ozone Depleting Substances - U.S. - ARB Compliance,US,[],5/27/2022,59147,0,http://www.agasamericas.com
CAR,CAR1662,A-Gas 1-2023,Ozone Depleting Substances - U.S. - ARB Compliance,US,[],4/20/2023,70833,0,http://www.agasamericas.com
CAR,CAR1578,A-Gas 2-2022,Ozone Depleting Substances - U.S. - ARB Compliance,US,[],7/29/2022,102599,0,http://www.agasamericas.com
CAR,CAR1641,AgriCapture Grasslands Project 1,Avoided Grassland Conversion,US,[],5/12/2023,86,0,
CAR,CAR1513,AgriCapture Soil Enrichment #1,Soil Enrichment,US,[],6/7/2024,16589,0,http://www.agricapture.com
CAR,CAR1582,Alliance Dairy,Livestock Gas Capture/Combustion,US,[],6/6/2023,10958,0,
CAR,CAR517,Anson County Landfill,Landfill Gas Capture/Combustion,US,[],1/3/2024,96070,0,
CAR,CAR881,Athens-Clarke County Landfill Project,Landfill Gas Capture/Combustion,US,[],1/18/2024,24896,0,http://N/A
CAR,CAR1152,Aurora Ridge Dairy,Livestock - ARB Compliance,US,[],1/9/2024,13790,0,
CAR,CAR574,Berkeley County Landfill Gas Project,Landfill Gas Capture/Combustion,US,[],7/31/2024,6919,0,
CAR,CAR790,Bi-County Landfill Gas Destruction Project,Landfill Gas Capture/Combustion,US,[],2/14/2024,88133,0,http://www.fierainfrastructure.com
CAR,CAR1100,Big River / Salmon Creek Forests - ARB,Improved Forest Management - ARB Compliance,US,[],3/15/2023,89619,0,http://www.conservationfund.org
CAR,CAR659,Blue Source - Pungo River Forest Conservation Project,Avoided Conversion,US,[],9/25/2024,17712,0,
CAR,CAR1209,Blue Source-Wolf River Improved Forest Management Project,Improved Forest Management - ARB Compliance,US,[],4/27/2023,9645,0,
CAR,CAR1247,Bluesource - Carroll Avoided Grassland Conversion Project,Avoided Grassland Conversion,US,[],11/10/2022,4744,0,
CAR,CAR1564,Bluesource - Soda Creek Avoided Grassland Conversion Project,Avoided Grassland Conversion,US,[],6/20/2023,3919,0,
CAR,CAR1284,BNW Ranch,Avoided Grassland Conversion,US,[],8/24/2023,4712,0,
CAR,CAR1260,BNW West,Avoided Grassland Conversion,US,[],8/24/2023,1612,0,
CAR,CAR1612,Bonos Comunitarios CO2_Ejido Kankabchen,Forestry - MX,MX,[],5/7/2024,9773,0,http://Ninguna
CAR,CAR1613,Bonos Comunitarios CO2_Ejido X-yatil,Forestry - MX,MX,[],5/7/2024,8983,0,http://Ninguna
CAR,CAR1611,Bonos Comunitarios:Ejido Lazaro Cardenas,Forestry - MX,MX,[],5/7/2024,8663,0,http://Ninguna
CAR,CAR1036,Brook View Dairy Methane Reduction Project,Livestock - ARB Compliance,US,[],7/25/2022,20582,0,
CAR,CAR1095,Brushy Mountain,Improved Forest Management - ARB Compliance,US,[],11/18/2022,104523,0,
CAR,CAR1818,"Captura de Carbono en los Bosques  del Ejido El Regocijo, Municipio de Durango, Estado de Durango, México.",Forestry - MX,MX,[],5/13/2024,34551,0,
CAR,CAR1729,"Captura de Carbono en los Bosques de Coniferas y Latifoliadas del Ejido Mil Diez y Anexos, Municipio de Pueblo Nuevo, Estado de Durango, Mexico",Forestry - MX,MX,[],1/12/2024,14779,0,
CAR,CAR1626,"CAPTURA DE CARBONO EN LOS BOSQUES DE CONIFERAS Y LATIFOLIADAS EN EL EJIDO CHAVARRIA VIEJO,MUNICIPIO DE PUEBLO NUEVO, ESTADO DE DURANGO, MEXICO",Forestry - MX,MX,[],10/13/2023,78820,0,
CAR,CAR1586,"CAPTURA DE CARBONO EN LOS BOSQUES DEL  EJIDO LA CUEVA Y ANEXOS, MUNICIPIO DE PUEBLO NUEVO, ESTADO DE DURANGO, MEXICO",Forestry - MX,MX,[],11/1/2023,26275,0,
CAR,CAR1574,"CAPTURA DE CARBONO EN LOS BOSQUES DEL EJIDO EL BRILLANTE, MUNICIPIO DE PUEBLO NUEVO, ESTADO DE DURANGO, MEXICO",Forestry - MX,MX,[],10/6/2023,99959,0,
CAR,CAR1627,"CAPTURA DE CARBONO EN LOS BOSQUES DEL EJIDO EL LARGO Y ANEXOS, MUNICIPIO DE MADERA, ESTADO DE CHIHUAHUA, MEXICO",Forestry - MX,MX,[],3/1/2024,9467,0,
CAR,CAR1625,"CAPTURA DE CARBONO EN LOS BOSQUES DEL EJIDO SAN PABLO, MUNICIPIO DE PUEBLO NUEVO, ESTADO DE DURANGO, MEXICO",Forestry - MX,MX,[],9/26/2023,16813,0,http://https://www.facebook.com/MaderasEjidoSanPablo/
CAR,CAR1282,Captura de carbono en San Rafael Ixtapalucan,Forestry - MX,MX,[],10/14/2022,1092,0,http://www.icico.mx
CAR,CAR1637,Captura de carbono forestal en el ejido Otzumatlán o Río de Parras,Forestry - MX,MX,[],8/31/2023,1495,0,
CAR,CAR1636,Captura de carbono forestal en el ejido San Pedro Jacuaro,Forestry - MX,MX,[],8/31/2023,1192,0,
CAR,CAR1638,Captura de carbono forestal en la Comunidad Indígena San Pedro Jacuaro,Forestry - MX,MX,[],8/31/2023,2924,0,
CAR,CAR1635,Captura de carbono forestal en los Bienes Comunales de San Francisco Oxtotilpan,Forestry - MX,MX,[],8/31/2023,3298,0,
CAR,CAR627,Charlotte County Zemel Road Landfill Gas Capture Project,Landfill Gas Capture/Combustion,US,[],10/9/2023,13237,0,
CAR,CAR1696,Ciudad Juarez Landfill Gas to Energy Project,Landfill - MX,MX,[],2/28/2024,91737,0,http://biogasdejuarez.com/
CAR,CAR1648,Comunidad El Tarahumar y Bajíos del Tarahumar,Forestry - MX,MX,[],11/28/2023,106205,0,http://www.agesamex.com
CAR,CAR1595,COMUNIDAD SANTA ANA,Forestry - MX,MX,[],2/7/2024,1137,0,
CAR,CAR1657,Comunidad Tutuaca,Forestry - MX,MX,[],12/1/2023,30116,0,
CAR,CAR1664,Condueñazgo Memelichi,Forestry - MX,MX,[],12/1/2023,57196,0,
CAR,CAR1674,Conhúas,Forestry - MX,MX,[],2/7/2024,355520,0,http://Toroto.com
CAR,CAR1285,Conservación y Captura de Carbono Co2ltzingo,Forestry - MX,MX,[],10/7/2022,1485,0,http://www.icico.org.mx
CAR,CAR1620,Crossroads Eco Center Landfill/Caldwell Landfill,Landfill Gas Capture/Combustion,US,[],8/16/2024,1917,0,
CAR,CAR466,Dalton-Whitfield Landfill Project,Landfill Gas Capture/Combustion,US,[],1/4/2024,47558,0,http://www.dwswa.org
CAR,CAR473,Davis Landfill Gas Offset Project,Landfill Gas Capture/Combustion,US,[],8/14/2023,121374,0,http://www.wasatchintegrated.org
CAR,CAR398,Development Authority of the North Country (DANC) Landfill Gas Destruction Project,Landfill Gas Capture/Combustion,US,[],9/24/2024,131174,0,
CAR,CAR1576,Ejido 18 de Marzo,Forestry - MX,MX,[],8/24/2023,14111,0,
CAR,CAR1659,Ejido Basaseachi,Forestry - MX,MX,[],12/1/2023,49908,0,
CAR,CAR1577,Ejido Chunhuhub,Forestry - MX,MX,[],8/24/2023,34094,0,
CAR,CAR1658,Ejido Conoachi y Anexos,Forestry - MX,MX,[],12/1/2023,69975,0,
CAR,CAR1565,Ejido Forestal Chavarria Nuevo,Forestry - MX,MX,[],8/28/2023,17925,0,http://www.agesamex.com
CAR,CAR1392,Ejido forestal Los Bancos,Forestry - MX,MX,[],8/3/2023,147321,0,http://www.agesamex.com
CAR,CAR1661,Ejido Heredia y Anexos,Forestry - MX,MX,[],12/1/2023,53420,0,
CAR,CAR1566,Ejido KM 120,Forestry - MX,MX,[],9/13/2022,7942,0,http://www.toroto.mx/en/projects
CAR,CAR1594,EJIDO LAS MILPAS Y ANEXOS,Forestry - MX,MX,[],2/7/2024,4347,0,
CAR,CAR1596,EJIDO OSOS BRAVOS Y ANEXOS,Forestry - MX,MX,[],2/7/2024,680,0,
CAR,CAR1585,EJIDO TODOS SANTOS Y ANEXOS,Forestry - MX,MX,[],2/7/2024,1926,0,
CAR,CAR988,Farm Power Tillamook Regional Digester,Livestock Gas Capture/Combustion,US,[],9/25/2023,10815,0,
CAR,CAR1205,Finite Carbon - Lyme Logan IFM,Improved Forest Management - ARB Compliance,US,[],8/10/2023,96988,0,
CAR,CAR1257,Finite Carbon - Rowland IFM,Improved Forest Management - ARB Compliance,US,[],8/10/2023,89536,0,
CAR,CAR1373,Finite Carbon - Stevenson AL IFM,Improved Forest Management - ARB Compliance,US,[],3/7/2023,5516,0,
CAR,CAR1374,Finite Carbon - Stevenson TN IFM,Improved Forest Management - ARB Compliance,US,[],3/8/2023,8577,0,
CAR,CAR1197,Finite Carbon - Upper Hudson Woodlands ATP IFM,Improved Forest Management - ARB Compliance,US,[],8/14/2023,70477,0,
CAR,CAR1293,Forest Carbon Partners - English Bay Corporation Forest Carbon Project,Improved Forest Management - ARB Compliance,US,[],1/18/2023,60339,0,http://www.forestcarbonpartners.com
CAR,CAR1329,Forest Carbon Partners - Hunter Ranch Improved Forest Management Project,Improved Forest Management - ARB Compliance,US,[],5/30/2023,5764,0,
CAR,CAR1292,Forest Carbon Partners - Seldovia Native Association Forest Carbon Project,Improved Forest Management - ARB Compliance,US,[],1/10/2023,66143,0,http://www.forestcarbonpartners.com
CAR,CAR495,Greenville County Landfill Gas Utilization Project,Landfill Gas Capture/Combustion,US,[],5/8/2024,33881,0,
CAR,CAR1190,Greenwood Creek,Improved Forest Management - ARB Compliance,US,[],6/8/2023,41290,0,
CAR,CAR465,GTR Solid Waste Landfill,Landfill Gas Capture/Combustion,US,[],8/18/2023,21600,0,
CAR,CAR1191,Hollow Tree,Improved Forest Management - ARB Compliance,US,[],6/14/2023,20331,0,
CAR,CAR1002,Ideal Family Farms Digester Project,Livestock - ARB Compliance,US,[],1/13/2023,6653,0,
CAR,CAR558,Indian River County Landfill,Landfill Gas Capture/Combustion,US,[],10/6/2023,111738,0,http://www.ircwaste.com/
CAR,CAR1459,Indigo U.S. Project No.1,Soil Enrichment,US,[],2/23/2024,96678,0,http://www.indigoag.com/carbon
CAR,CAR880,Johnston County Landfill Project,Landfill Gas Capture/Combustion,US,[],8/28/2023,38388,0,
CAR,CAR621,Kimble Sanitary Landfill Gas Project,Landfill Gas Capture/Combustion,US,[],7/28/2023,147184,0,
CAR,CAR1568,Laguna Om,Forestry - MX,MX,[],2/16/2024,55827,0,http://www.toroto.mx/en/projects
CAR,CAR1259,Lightning Creek Ranch,Avoided Grassland Conversion,US,[],8/24/2023,4383,0,
CAR,CAR1554,Lost Coast Forestlands Improved Forest Management Project,Improved Forest Management - ARB Compliance,US,[],6/15/2023,481373,0,
CAR,CAR1180,Mailliard Ranch,Improved Forest Management - ARB Compliance,US,[],6/9/2023,12939,0,
CAR,CAR1428,Manglares San Crisanto,Forestry - MX,MX,[],3/28/2023,720,0,http://https://www.facebook.com/loriapalm/
CAR,CAR1261,May Ranch Avoided Grassland Conversion,Avoided Grassland Conversion,US,[],9/22/2023,8566,0,http://NA
CAR,CAR1330,Monte Rio Improved Forest Management Project,Improved Forest Management - ARB Compliance,US,[],7/18/2023,4692,0,http://www.forestcarbonpartners.com
CAR,CAR592,Morehead Landfill,Landfill Gas Capture/Combustion,US,[],7/10/2023,56040,0,
CAR,CAR1567,NCPE Centauro del Norte,Forestry - MX,MX,[],5/15/2023,57387,0,http://www.toroto.mx/en/projects
CAR,CAR560,New River Landfill Gas Methane Destruction Project,Landfill Gas Capture/Combustion,US,[],2/5/2024,84301,0,
CAR,CAR1133,OHE DM2-1,Livestock - ARB Compliance,US,[],1/10/2024,1890,0,
CAR,CAR1132,OHE DM4-3,Livestock - ARB Compliance,US,[],1/12/2024,5145,0,
CAR,CAR917,Orange County NC Landfill Gas Project,Landfill Gas Capture/Combustion,US,[],7/22/2024,2046,0,
CAR,CAR1537,P. P. El Pelón,Forestry - MX,MX,[],5/23/2024,1875,0,
CAR,CAR1535,P. P. La Pinzión,Forestry - MX,MX,[],5/23/2024,182,0,
CAR,CAR1536,P. P. Peña del gato,Forestry - MX,MX,[],5/23/2024,278,0,
CAR,CAR1538,P.P. El águila,Forestry - MX,MX,[],5/23/2024,145,0,
CAR,CAR1539,P.P. El Tecolote,Forestry - MX,MX,[],5/23/2024,391,0,
CAR,CAR1540,P.P. Estancia Borrotes,Forestry - MX,MX,[],5/23/2024,59,0,
CAR,CAR1597,PREDIO RUSTICO DENOMINADO ZALEAS,Forestry - MX,MX,[],2/7/2024,568,0,
CAR,CAR1621,Proyecto Forestal de Captura de Carbono del Ejido 20 de Noviembre,Forestry - MX,MX,[],4/30/2024,4034,0,http://No aplica
CAR,CAR1622,Proyecto Forestal de Captura de Carbono del Ejido Álvaro Obregón,Forestry - MX,MX,[],4/30/2024,10759,0,http://N/A
CAR,CAR1623,Proyecto Forestal de Captura de Carbono del Ejido Xmejia,Forestry - MX,MX,[],4/30/2024,9564,0,http://NA
CAR,CAR1593,Proyecto Forestal de Carbono Ejido Madera,Forestry - MX,MX,[],12/16/2022,9294,0,
CAR,CAR1381,RBS 2019,Improved Forest Management - ARB Compliance,US,[],2/15/2023,238195,0,
CAR,CAR886,Roseburg LFG Energy,Landfill Gas Capture/Combustion,US,[],11/30/2023,8786,0,
CAR,CAR1035,Scenic View Dairy Methane Reduction Project,Livestock - ARB Compliance,US,[],8/19/2022,20465,0,
CAR,CAR844,Sudbury Road Landfill Gas Destruction Project,Landfill Gas Capture/Combustion,US,[],9/9/2024,11810,0,
CAR,CAR911,Surry County Landfill,Landfill Gas Capture/Combustion,US,[],1/29/2024,23747,0,
CAR,CAR768,"Terra Yazoo City  # 9, Nitrous Oxide Abatement Project",Nitric Acid N2O- Secondary Catalyst,US,[],5/8/2023,64073,0,
CAR,CAR491,TRR Landfill,Landfill Gas Capture/Combustion,US,[],2/9/2024,57147,0,
CAR,CAR1141,Van Eck Forest,Improved Forest Management - ARB Compliance,US,[],7/12/2023,10031,0,
CAR,CAR1291,Verwey Madera Dairy Digester,Livestock - ARB Compliance,US,[],3/8/2023,7716,0,
CAR,CAR1032,Virginia Highlands I,Improved Forest Management - ARB Compliance,US,[],10/18/2023,32750,0,
CAR,CAR1140,Willits Woods IFM,Improved Forest Management - ARB Compliance,US,[],8/9/2023,110267,0,
CAR,CAR1124,"Willow Point Dairy, LLC",Livestock - ARB Compliance,US,[],8/17/2022,11736,0,
CAR,CAR1728,"XICO2e Carbono Forestal  Ejido las Pintas, San Dimas, Durango, México",Forestry - MX,MX,[],12/22/2023,8217,0,
CAR,CAR1817,"XICO2e Carbono Forestal Ejido San Jose de Miravalles, Municipio de San Dimas, Estado de Durango, Mexico",Forestry - MX,MX,[],12/27/2023,6212,0,
CAR,CAR1710,"XICO2e Carbono Forestal Ejido Vencedores y Anexos, San Dimas, Durango, México",Forestry - MX,MX,[],12/27/2023,90770,0,http://https://www.facebook.com/people/Ejido-vencedores-y-anexos/100082818687916/
CAR,CAR993,Yurok Tribe/Forest Carbon Partners CKGG Improved Forest Management Project,Improved Forest Management - ARB Compliance,US,[],11/7/2022,120325,0,http://www.forestcarbonpartners.com
CAR,CAR1481,A-Gas 2-2021,Ozone Depleting Substances - U.S. - ARB Compliance,US,[],6/9/2021,56964,0,http://www.agasamericas.com
CAR,CAR1493,A-Gas 3-2021,Ozone Depleting Substances - U.S. - ARB Compliance,US,[],9/8/2021,70708,0,http://www.agasamericas.com
CAR,CAR1498,A-Gas 4-2021,Ozone Depleting Substances - U.S. - ARB Compliance,US,[],1/21/2022,60731,0,http://www.agasamericas.com
CAR,CAR1364,Alhuajoyucan - ASRTulancingo,Forestry - MX,MX,[],7/8/2022,260,0,
CAR,CAR1547,Bienes Comunales San Pedro Ecatzingo,Forestry - MX,MX,[],11/28/2022,5369,0,
CAR,CAR1546,Bienes Comunales Santa Isabel Chalma,Forestry - MX,MX,[],11/29/2022,2431,0,
CAR,CAR1553,Bienes Comunales Santiago Cuautenco,Forestry - MX,MX,[],11/28/2022,4284,0,
CAR,CAR403,Black Warrior Solid Waste Facility,Landfill Gas Capture/Combustion,US,[],2/2/2023,28499,0,
CAR,CAR997,Blue Mountain Biogas,Livestock - ARB Compliance,US,[],11/19/2021,4570,0,
CAR,CAR1509,Bonos Comunitarios CO2-Candelaria II,Forestry - MX,MX,[],9/30/2022,5221,0,http://ninguna
CAR,CAR1508,Bonos Comunitarios CO2-El Naranjal,Forestry - MX,MX,[],9/30/2022,3899,0,http://ninguna
CAR,CAR1510,Bonos Comunitarios CO2-San Antonio Tuk,Forestry - MX,MX,[],9/30/2022,3694,0,http://ninguna
CAR,CAR1511,Bonos Comunitarios CO2_San Felipe Oriente,Forestry - MX,MX,[],9/30/2022,681,0,http://ninguna
CAR,CAR1013,Buckeye Forest Project,Improved Forest Management - ARB Compliance,US,[],5/12/2022,136322,0,
CAR,CAR1486,"CAPTURA DE CARBONO EN EL BOSQUE DE LA SOCIEDAD DE SOLIDARIDAD SOCIAL PIEDRA CANTEADA, NANACAMILPA  DE MARIANO  ARISTA, TLAXCALA,MEXICO",Forestry - MX,MX,[],2/18/2023,10492,0,http://www.piedracanteada.com.mx
CAR,CAR1455,"Captura de carbono en los Bosques de la Comunidad Indígena Nuevo San Juan Parangaricutiro, México.",Forestry - MX,MX,[],6/30/2022,41245,0,http://https://www.facebook.com/CINSJP/
CAR,CAR1325,Captura de Carbono Forestal Ejido San Lucas,Forestry - MX,MX,[],11/1/2022,3713,0,
CAR,CAR1522,Captura de carbono forestal en el ejido Amanalco de Becerra,Forestry - MX,MX,[],2/2/2023,1523,0,
CAR,CAR1529,Captura de carbono forestal en el ejido Capilla Vieja,Forestry - MX,MX,[],2/2/2023,175,0,
CAR,CAR1446,Captura de carbono forestal en el Ejido Corral de Piedra,Forestry - MX,MX,[],1/3/2023,782,0,
CAR,CAR1528,Captura de carbono forestal en el ejido La Candelaria,Forestry - MX,MX,[],2/2/2023,103,0,
CAR,CAR1526,Captura de carbono forestal en el ejido Nuevo San Juan Atezcapan,Forestry - MX,MX,[],2/2/2023,259,0,
CAR,CAR1521,Captura de carbono forestal en el ejido San Francisco Oxtotilpan,Forestry - MX,MX,[],2/2/2023,7190,0,
CAR,CAR1527,Captura de carbono forestal en el ejido San Miguel Sultepec,Forestry - MX,MX,[],2/2/2023,278,0,
CAR,CAR1523,Captura de carbono forestal en el ejido San Miguel Tenextepec,Forestry - MX,MX,[],2/2/2023,1589,0,
CAR,CAR1524,Captura de carbono forestal en los Bienes Comunales de San Miguel Ixtapan,Forestry - MX,MX,[],2/2/2023,1286,0,
CAR,CAR1525,Captura de carbono forestal en los Bienes Comunales de San Miguel Xoltepec,Forestry - MX,MX,[],2/2/2023,556,0,
CAR,CAR1333,Captura de Carbono San Bartolo O2,Forestry - MX,MX,[],7/21/2022,2913,0,http://www.icico.org.mx
CAR,CAR1514,Carbono Petcacab,Forestry - MX,MX,[],5/16/2022,18760,0,
CAR,CAR1123,"Central Sands Dairy, LLC",Livestock - ARB Compliance,US,[],11/3/2021,13040,0,
CAR,CAR1215,CF Ataya IFM,Improved Forest Management - ARB Compliance,US,[],8/18/2022,105892,0,
CAR,CAR1348,Chacalapa - ASRTulancingo,Forestry - MX,MX,[],7/8/2022,335,0,
CAR,CAR1275,Chaput Family Farms,Livestock - ARB Compliance,US,[],6/28/2022,6582,0,
CAR,CAR1347,Cima de Togo - ASRTulancingo,Forestry - MX,MX,[],7/8/2022,1604,0,
CAR,CAR1515,ClimeCo ODS Destruction 35,Ozone Depleting Substances - U.S. - ARB Compliance,US,[],1/28/2022,122101,0,http://www.climeco.com
CAR,CAR785,Dubuque Metropolitan Sanitary Landfill,Landfill Gas Capture/Combustion,US,[],12/27/2022,26125,0,
CAR,CAR1542,Ejido Atopixco,Forestry - MX,MX,[],7/14/2022,2517,0,
CAR,CAR1435,Ejido Coatitila,Forestry - MX,MX,[],5/18/2022,663,0,
CAR,CAR1437,Ejido El Agua de Los Pescados y sus Anexos,Forestry - MX,MX,[],5/18/2022,189,0,
CAR,CAR1433,Ejido La Libertad,Forestry - MX,MX,[],5/18/2022,963,0,
CAR,CAR1545,Ejido La Selva,Forestry - MX,MX,[],7/11/2022,15297,0,
CAR,CAR1499,Ejido Las Vigas,Forestry - MX,MX,[],5/18/2022,3355,0,
CAR,CAR1543,Ejido Malila,Forestry - MX,MX,[],7/11/2022,506,0,
CAR,CAR1548,Ejido San Antonio de la Rinconada o Tlaltecahuacan,Forestry - MX,MX,[],11/28/2022,1210,0,
CAR,CAR1552,Ejido San Martín Cuautlalpan,Forestry - MX,MX,[],11/28/2022,10156,0,
CAR,CAR1434,Ejido San Pedro Buenavista,Forestry - MX,MX,[],5/18/2022,382,0,
CAR,CAR1432,Ejido sierra de Agua,Forestry - MX,MX,[],5/18/2022,492,0,
CAR,CAR1551,Ejido Tlalmanalco,Forestry - MX,MX,[],11/29/2022,14304,0,
CAR,CAR1500,Ejido Tonalaco,Forestry - MX,MX,[],5/18/2022,679,0,
CAR,CAR1544,Ejido Zacualtipán,Forestry - MX,MX,[],7/14/2022,1818,0,
CAR,CAR1345,El Nopalillo - ASRTulancingo,Forestry - MX,MX,[],7/8/2022,330,0,
CAR,CAR1350,El Ocote - ASRTulancingo,Forestry - MX,MX,[],7/8/2022,199,0,
CAR,CAR1356,El Ventorrillo - ASRTulancingo,Forestry - MX,MX,[],7/8/2022,276,0,
CAR,CAR1360,Emiliano Zapata - ASRTulancingo,Forestry - MX,MX,[],7/8/2022,162,0,
CAR,CAR1063,Farm Cove Community Forest,Improved Forest Management - ARB Compliance,US,[],11/8/2022,15843,0,
CAR,CAR416,Farm Power Rexville Regional Digester,Livestock Gas Capture/Combustion,US,[],8/9/2022,5123,0,
CAR,CAR1130,Finite Carbon - Lyme Brimstone Timberlands IFM,Improved Forest Management - ARB Compliance,US,[],10/27/2021,77245,0,http://www.finitecarbon.com
CAR,CAR1213,Finite Carbon - MWF Adirondacks IFM,Improved Forest Management - ARB Compliance,US,[],8/10/2021,34893,0,
CAR,CAR1062,Finite Carbon - Shannondale Tree Farm,Improved Forest Management - ARB Compliance,US,[],1/14/2022,4947,0,
CAR,CAR1173,Forest Carbon Partners - Berea College Improved Forest Management Project,Improved Forest Management - ARB Compliance,US,[],11/24/2021,26217,0,
CAR,CAR1281,Four Hills Farm,Livestock - ARB Compliance,US,[],7/20/2022,11373,0,
CAR,CAR1106,Green Valley Dairy Methane Reduction Project,Livestock - ARB Compliance,US,[],9/12/2022,23606,0,
CAR,CAR489,Hidden View Dairy,Livestock Gas Capture/Combustion,US,[],12/28/2023,23788,0,http://N/A
CAR,CAR1353,Hueyapan - ASRTulancingo,Forestry - MX,MX,[],7/8/2022,148,0,
CAR,CAR1366,Ixtula y Sembo - ASRTulancingo,Forestry - MX,MX,[],7/8/2022,75,0,
CAR,CAR646,Katahdin Iron Works Ecological Reserve,Improved Forest Management,US,[],11/28/2023,17032,0,http://www.outdoors.org
CAR,CAR1355,La Estancia - ASRTulancingo,Forestry - MX,MX,[],7/8/2022,247,0,
CAR,CAR1019,LA PERSEVERANCIA BIOGAS PLANT,Landfill - MX,MX,[],3/7/2023,6982,0,
CAR,CAR1354,Las Puentes y Anexos - ASRTulancingo,Forestry - MX,MX,[],7/8/2022,894,0,
CAR,CAR1274,Lawnhurst Farms Methane Reduction Project,Livestock - ARB Compliance,US,[],10/21/2021,6374,0,
CAR,CAR1361,Los Romeros - ASRTulancingo,Forestry - MX,MX,[],7/8/2022,373,0,
CAR,CAR1429,Manglares Ursulo Galvan,Forestry - MX,MX,[],11/29/2022,906,0,http://https://www.facebook.com/search/top?q=ejido%20%C3%BArsulo%20galv%C3%A1n
CAR,CAR1102,Montesol - Forest Carbon Partners Improved Forest Management Project,Improved Forest Management - ARB Compliance,US,[],10/7/2022,1620,0,http://www.forestcarbonpartners.com
CAR,CAR1559,Nutrien NMPP Project,Nitrogen Management,US,[],8/4/2023,588,0,
CAR,CAR1438,Predio Las Piedras,Forestry - MX,MX,[],5/18/2022,521,0,
CAR,CAR1377,Proyecto de Captura de Carbono Forestal en Bienes Comunales de Santiago Tlacotepec,Forestry - MX,MX,[],6/26/2023,4045,0,
CAR,CAR1507,Proyecto forestal de carbono del Ejido Xbonil,Forestry - MX,MX,[],8/5/2022,10217,0,
CAR,CAR1465,Pueblos Mancomunados de Oaxaca,Forestry - MX,MX,[],7/5/2022,9606,0,
CAR,CAR1363,Puentecillas y Anexos - ASRTulancingo,Forestry - MX,MX,[],7/8/2022,328,0,
CAR,CAR822,"Rainier Biogas, LLC",Livestock Gas Capture/Combustion,US,[],9/7/2022,7112,0,http://www.nativeenergy.com/pages/rainier_farm_biogas_project/626.php
CAR,CAR1358,Sabanetas - ASRTulancingo,Forestry - MX,MX,[],7/8/2022,217,0,
CAR,CAR1388,San Jerónimo ZacapexCO2 - Bienes Comunales,Forestry - MX,MX,[],5/27/2022,4514,0,
CAR,CAR1387,San Jerónimo ZacapexCO2 - Ejido,Forestry - MX,MX,[],5/27/2022,9860,0,
CAR,CAR1357,San Lorenzo Sayula - ASRTulancingo,Forestry - MX,MX,[],7/8/2022,484,0,
CAR,CAR1362,San Pedro Huixotitla - ASRTulancingo,Forestry - MX,MX,[],7/8/2022,651,0,
CAR,CAR1351,Sangre de Cristo - ASRTulancingo,Forestry - MX,MX,[],11/1/2022,98,0,
CAR,CAR1184,Spruce Haven Farm COP,Livestock - ARB Compliance,US,[],2/1/2022,11869,0,
CAR,CAR1057,T&M Hidden View Dairy,Livestock - ARB Compliance,US,[],9/26/2022,18209,0,
CAR,CAR1359,Tecocomulco - ASRTulancingo,Forestry - MX,MX,[],7/8/2022,179,0,
CAR,CAR1517,Two Fiets Digester,Livestock Gas Capture/Combustion,US,[],11/9/2022,524,0,
CAR,CAR1398,Veseth and Veseth Ranch,Avoided Grassland Conversion,US,[],3/10/2023,5950,0,
CAR,CAR1352,Xahuayalulco - ASRTulancingo,Forestry - MX,MX,[],7/8/2022,883,0,
CAR,CAR1458,A-Gas 1-2021,Ozone Depleting Substances - U.S. - ARB Compliance,US,[],1/28/2021,84267,0,http://www.agasamericas.com
CAR,CAR1413,A-Gas 4-2020,Ozone Depleting Substances - U.S. - ARB Compliance,US,[],8/20/2020,87667,0,http://www.agasamericas.com
CAR,CAR1441,A-Gas 5-2020,Ozone Depleting Substances - U.S. - ARB Compliance,US,[],11/7/2020,78211,0,http://www.agasamericas.com
CAR,CAR1412,A-Gas UCSD1,Ozone Depleting Substances - U.S. - ARB Compliance,US,[],8/18/2020,24304,0,http://www.agasamericas.com
CAR,CAR1094,Ashford III,Improved Forest Management - ARB Compliance,US,[],10/15/2021,7674,0,
CAR,CAR973,Blue Source - Bishop Improved Forest Management Project,Improved Forest Management - ARB Compliance,US,[],5/28/2021,379906,0,http://www.bluesource.com/contact/
CAR,CAR1122,"Bridgewater Dairy, LLC",Livestock - ARB Compliance,US,[],10/22/2021,7505,0,
CAR,CAR1136,CalBio ORRD Project,Livestock - ARB Compliance,US,[],1/23/2021,51095,0,
CAR,CAR1262,"Captura de Carbono en San Juan Lachao, Oaxaca",Forestry - MX,MX,[],4/7/2021,7135,0,
CAR,CAR1453,Captura de carbono forestal en el  Ejido Rincón de Guadalupe,Forestry - MX,MX,[],5/12/2021,1484,0,
CAR,CAR1448,Captura de carbono forestal en el Ejido El Capulín,Forestry - MX,MX,[],5/28/2021,3777,0,
CAR,CAR1454,Captura de carbono forestal en el Ejido El Potrero,Forestry - MX,MX,[],5/27/2021,2437,0,
CAR,CAR1450,Captura de carbono forestal en el Ejido San Jerónimo,Forestry - MX,MX,[],5/11/2021,3055,0,
CAR,CAR1451,Captura de carbono forestal en el Ejido San Juan,Forestry - MX,MX,[],6/25/2021,1505,0,
CAR,CAR1452,Captura de carbono forestal en el Ejido San Mateo,Forestry - MX,MX,[],7/22/2021,301,0,
CAR,CAR1445,Captura de carbono forestal en la Comunidad de Rincón de Guadalupe,Forestry - MX,MX,[],5/25/2021,438,0,
CAR,CAR1447,Captura de carbono forestal en la comunidad de San Miguel Tenextepec,Forestry - MX,MX,[],5/10/2021,699,0,
CAR,CAR1449,Captura de carbono forestal en la comunidad de Santa María y sus Barrios,Forestry - MX,MX,[],6/3/2021,3484,0,
CAR,CAR1375,Carbono Otomí La Florida,Forestry - MX,MX,[],2/5/2021,1348,0,http://www.ecoturismolaflorida.com.mx
CAR,CAR1401,ClimeCo ODS Destruction 33,Ozone Depleting Substances - U.S. - ARB Compliance,US,[],8/27/2020,119156,0,http://www.climeco.com
CAR,CAR1456,ClimeCo ODS Destruction 34,Ozone Depleting Substances - U.S. - ARB Compliance,US,[],12/22/2020,127338,0,http://www.climeco.com
CAR,CAR1076,CSE Arizona Facility,Livestock - ARB Compliance,US,[],11/13/2020,15571,0,
CAR,CAR982,Deer Run Digester,Livestock - ARB Compliance,US,[],3/16/2021,8973,0,http://www.energysystemsgroup.com
CAR,CAR1088,Finite Carbon - JTO Champion Property IFM,Improved Forest Management - ARB Compliance,US,[],9/2/2021,26029,0,
CAR,CAR1391,Finite Carbon - Lyme Wisconsin IFM,Improved Forest Management - ARB Compliance,US,[],9/15/2020,998971,0,
CAR,CAR1086,Finite Carbon - Potlatch Moro Big Pine CE IFM,Improved Forest Management - ARB Compliance,US,[],5/10/2021,17081,0,
CAR,CAR1314,Finite Carbon - Spokane Tribe of Indians IFM,Improved Forest Management - ARB Compliance,US,[],9/11/2020,64158,0,
CAR,CAR1217,Finite Carbon - West Grand Lake IFM,Improved Forest Management - ARB Compliance,US,[],10/7/2022,24569,0,
CAR,CAR1142,Fiscalini Farms Anaerobic Digester,Livestock - ARB Compliance,US,[],12/15/2021,3538,0,
CAR,CAR1183,Forest Carbon Partners - Mescalero Apache Tribe Improved Forest Management Project,Improved Forest Management - ARB Compliance,US,[],1/20/2022,60059,0,http://www.steigerwaldt.com
CAR,CAR1080,George DeRuyter and Sons Dairy Methane Reduction Project,Livestock - ARB Compliance,US,[],7/27/2021,16917,0,
CAR,CAR1153,Holsum Elm Dairy,Livestock - ARB Compliance,US,[],3/11/2021,7054,0,
CAR,CAR1154,Holsum Irish Dairy,Livestock - ARB Compliance,US,[],3/11/2021,13104,0,
CAR,CAR1294,Lakeshore Dairy,Livestock - ARB Compliance,US,[],9/15/2020,14632,0,
CAR,CAR1253,Lambs Dairy Digester,Livestock - ARB Compliance,US,[],9/22/2020,1685,0,
CAR,CAR998,Maas Energy Works Van Warmerdam Dairy Digester,Livestock Gas Capture/Combustion,US,[],2/5/2021,2138,0,
CAR,CAR688,Noles North Avoided Conversion Forest Project,Avoided Conversion,US,[],12/22/2021,5909,0,
CAR,CAR802,Noles South Avoided Conversion Forest Project,Avoided Conversion,US,[],12/22/2021,5801,0,
CAR,CAR1418,Perfect Cycle ODS-5,Ozone Depleting Substances - U.S. - ARB Compliance,US,[],2/23/2021,49687,0,http://www.perfectcycle.com
CAR,CAR1078,Stotz Southern Generation,Livestock - ARB Compliance,US,[],11/13/2020,21461,0,
CAR,CAR817,Tangipahoa GHG Project,Landfill Gas Capture/Combustion,US,[],8/14/2021,18726,0,http://www.tangipahoa.org/
CAR,CAR593,The B6 Dairy Farm BioFactory(R) Project,Livestock Gas Capture/Combustion,US,[],1/25/2021,28075,0,
CAR,CAR1160,Virginia Conservation Forestry Program - Clifton Farm,Improved Forest Management - ARB Compliance,US,[],2/4/2021,11405,0,http://www.nature.org/ourinitiatives/regions/northamerica/unitedstates/virginia/placesweprotect/clinch-valley-conservation-forestry.xml
CAR,CAR1159,Virginia Conservation Forestry Program - Rich Mountain,Improved Forest Management - ARB Compliance,US,[],2/3/2021,18909,0,http://www.nature.org/ourinitiatives/regions/northamerica/unitedstates/virginia/placesweprotect/clinch-valley-conservation-forestry.xml
CAR,CAR1147,Virginia Conservation Forestry Program - Tazewell - Elk Garden,Improved Forest Management - ARB Compliance,US,[],2/10/2021,43347,0,http://www.nature.org/ourinitiatives/regions/northamerica/unitedstates/virginia/placesweprotect/clinch-valley-conservation-forestry.xml
CAR,CAR1143,"WTE-Dallmann, LLC",Livestock - ARB Compliance,US,[],2/18/2021,18424,0,
CAR,CAR1232,Yippee Farms,Livestock - ARB Compliance,US,[],11/2/2020,2244,0,
CAR,CAR807,Alcoa Landfill Gas Destruction Project,Landfill Gas Capture/Combustion,US,[],1/25/2021,16922,0,
CAR,CAR497,Alligator River Avoided Conversion,Avoided Conversion,US,[],5/12/2020,8944,0,
CAR,CAR935,Arcata City Forest Barnum Tract,Improved Forest Management,US,[],5/7/2020,2483,0,http://www.cityofarcata.org
CAR,CAR575,Arcata Sunnybrae Tract,Improved Forest Management,US,[],5/7/2020,1069,0,http://www.cityofarcata.org
CAR,CAR772,"Citrus County, Florida Landfill Gas Flare Project",Landfill Gas Capture/Combustion,US,[],6/24/2020,3070,0,
CAR,CAR545,City of Garland Landfill Carbon Project,Landfill Gas Capture/Combustion,US,[],7/6/2020,90993,0,
CAR,CAR1376,ClimeCo ODS Destruction 32,Ozone Depleting Substances - U.S. - ARB Compliance,US,[],2/18/2020,96280,0,http://www.climeco.com
CAR,CAR1151,Cottonwood Dairy Livestock Gas Capture Project,Livestock - ARB Compliance,US,[],3/2/2020,1738,0,
CAR,CAR1128,Farm Power Lynden Anaerobic Digester,Livestock - ARB Compliance,US,[],1/30/2020,6501,0,
CAR,CAR672,Finite Carbon - NEFF,Improved Forest Management,US,[],11/10/2020,2495,0,http://www.finitecarbon.com
CAR,CAR1297,Finite Carbon - Sieben Live Stock IFM,Improved Forest Management - ARB Compliance,US,[],9/4/2019,300300,0,
CAR,CAR1288,GJ TeVelde Ranch Dairy Digester,Livestock - ARB Compliance,US,[],2/27/2020,21734,0,
CAR,CAR1341,Hudson Tech 2019-4,Ozone Depleting Substances - U.S. - ARB Compliance,US,[],7/29/2019,73462,0,
CAR,CAR1367,Hudson Tech 2019-5,Ozone Depleting Substances - U.S. - ARB Compliance,US,[],9/10/2019,58918,0,
CAR,CAR694,Lucchesi Tract,Improved Forest Management,US,[],5/7/2020,1974,0,http://cityofarcata.org
CAR,CAR1389,N Fixing Microbes - Pivot Bio,Nitrogen Management,US,[],5/12/2021,3,0,
CAR,CAR1327,Perfect Cycle ODS-4,Ozone Depleting Substances - U.S. - ARB Compliance,US,[],5/15/2019,65097,0,http://www.perfectcycle.com
CAR,CAR1368,Pine Creek Improved Forest Management Project,Improved Forest Management - ARB Compliance,US,[],4/10/2020,494904,0,
CAR,CAR1015,Rips Redwoods,Improved Forest Management,US,[],9/16/2020,15295,0,http://www.forestdata.com
CAR,CAR1083,"Roeslein Alternative Energy of Missouri, LLC - South Meadow",Livestock - ARB Compliance,US,[],8/26/2020,16679,0,http://www.roesleinae.com
CAR,CAR432,St. Landry Parish Sanitary Landfill,Landfill Gas Capture/Combustion,US,[],12/10/2019,679,0,
CAR,CAR1283,Swiss Valley Farms,Livestock - ARB Compliance,US,[],4/23/2020,6845,0,
CAR,CAR1336,TCT Birmingham IFM Project,Improved Forest Management - ARB Compliance,US,[],12/11/2019,852600,0,
CAR,CAR1169,TMF Biofuels Dairy Digester,Livestock - ARB Compliance,US,[],2/5/2020,62707,0,
CAR,CAR1245,Van Steyn Dairy Digester,Livestock - ARB Compliance,US,[],9/30/2020,2842,0,
CAR,CAR498,Wolf Creek Landfill,Landfill Gas Capture/Combustion,US,[],12/24/2019,117982,0,
CAR,CAR1295,A-Gas 2018-3,Ozone Depleting Substances - U.S. - ARB Compliance,US,[],5/5/2018,97831,0,http://www.agasamericas.com
CAR,CAR1296,A-Gas 2018-4,Ozone Depleting Substances - U.S. - ARB Compliance,US,[],7/18/2018,110290,0,http://www.agasamericas.com
CAR,CAR1303,A-Gas 2018-5,Ozone Depleting Substances - U.S. - ARB Compliance,US,[],8/17/2018,102700,0,
CAR,CAR1305,A-Gas 2018-7,Ozone Depleting Substances - U.S. - ARB Compliance,US,[],9/7/2018,159218,0,
CAR,CAR1311,A-Gas 2018-8,Ozone Depleting Substances - U.S. - ARB Compliance,US,[],10/31/2018,128012,0,http://www.agasamericas.com
CAR,CAR1312,A-Gas 2018-9,Ozone Depleting Substances - U.S. - ARB Compliance,US,[],10/31/2018,93703,0,http://www.agasamericas.com
CAR,CAR1318,A-Gas 2019-1,Ozone Depleting Substances - U.S. - ARB Compliance,US,[],3/25/2019,138241,0,http://www.agasamericas.com
CAR,CAR1290,A-Gas Americas 2018-2,Ozone Depleting Substances - U.S. - ARB Compliance,US,[],2/20/2018,119844,0,http://www.agasamericas.com
CAR,CAR1279,ClimeCo ODS Destruction 24,Ozone Depleting Substances - U.S. - ARB Compliance,US,[],8/31/2018,56727,0,http://www.climeco.com
CAR,CAR1280,ClimeCo ODS Destruction 25,Ozone Depleting Substances - U.S. - ARB Compliance,US,[],8/3/2018,71572,0,http://www.climeco.com
CAR,CAR1300,ClimeCo ODS Destruction 26,Ozone Depleting Substances - U.S. - ARB Compliance,US,[],11/16/2018,123703,0,http://www.climeco.com
CAR,CAR1301,ClimeCo ODS Destruction 27,Ozone Depleting Substances - U.S. - ARB Compliance,US,[],11/16/2018,50473,0,http://www.climeco.com
CAR,CAR1302,ClimeCo ODS Destruction 28,Ozone Depleting Substances - U.S. - ARB Compliance,US,[],12/26/2018,58745,0,http://www.climeco.com
CAR,CAR1309,ClimeCo ODS Destruction 29,Ozone Depleting Substances - U.S. - ARB Compliance,US,[],4/26/2019,97696,0,http://www.climeco.com
CAR,CAR1310,ClimeCo ODS Destruction 30,Ozone Depleting Substances - U.S. - ARB Compliance,US,[],5/28/2019,140146,0,http://www.climeco.com
CAR,CAR1326,ClimeCo ODS Destruction 31,Ozone Depleting Substances - U.S. - ARB Compliance,US,[],6/24/2019,56139,0,http://www.climeco.com
CAR,CAR1308,Coolgas 2018-6,Ozone Depleting Substances - U.S. - ARB Compliance,US,[],8/21/2018,60855,0,http://www.agasamericas.com
CAR,CAR1097,Dairy Dreams Methane Reduction Project,Livestock - ARB Compliance,US,[],7/16/2019,7293,0,
CAR,CAR1120,Fair Oaks Dairy Farm LLC GHD-Designed Digester,Livestock - ARB Compliance,US,[],7/3/2019,52589,0,
CAR,CAR1174,Forest Carbon Partners -- Eddie Ranch Improved Forest Management Project,Improved Forest Management - ARB Compliance,US,[],12/15/2020,5919,0,http://www.forestcarbonpartners.com
CAR,CAR1103,Forest Carbon Partners -- Glass Ranch Improved Forest Management Project,Improved Forest Management - ARB Compliance,US,[],12/17/2020,18627,0,
CAR,CAR1104,Forest Carbon Partners-Gabrych Ranch Improved Forest Management Project,Improved Forest Management - ARB Compliance,US,[],5/6/2020,17453,0,
CAR,CAR1135,"Grotegut Dairy Farm, Inc",Livestock - ARB Compliance,US,[],12/20/2019,5307,0,http://www.dteenergy.com
CAR,CAR1289,Irony,Ozone Depleting Substances - U.S. - ARB Compliance,US,[],12/17/2018,8330,0,
CAR,CAR1156,Maple Leaf Dairy East,Livestock - ARB Compliance,US,[],12/18/2019,685,0,
CAR,CAR1155,Maple Leaf Dairy West,Livestock - ARB Compliance,US,[],12/18/2019,6935,0,
CAR,CAR1022,New Energy One Livestock Project,Livestock - ARB Compliance,US,[],6/25/2019,33297,0,
CAR,CAR435,Northeast Mississippi Landfill,Landfill Gas Capture/Combustion,US,[],4/23/2020,91420,0,
CAR,CAR1178,Open Sky Ranch Dairy Digester,Livestock - ARB Compliance,US,[],6/3/2019,21275,0,
CAR,CAR1108,Pacific Rim Dairy Digester,Livestock - ARB Compliance,US,[],11/19/2019,19362,0,
CAR,CAR1070,Phase 1 Sustainable Forest Project,Improved Forest Management - ARB Compliance,US,[],1/6/2020,102530,0,
CAR,CAR1306,"Proyecto Carbono Forestal, Ejido San Nicolás Totolapan, CDMX",Forestry - MX,MX,[],8/28/2018,3788,0,
CAR,CAR892,Roanoke Valley Resource Authority - Smith Gap Regional Landfill,Landfill Gas Capture/Combustion,US,[],11/4/2019,63205,0,
CAR,CAR1081,"Roeslein Alternative Energy of Missouri, LLC - Valley View",Livestock - ARB Compliance,US,[],11/19/2019,32105,0,http://www.roesleinae.com
CAR,CAR1313,Save the Redwoods League 2018,Improved Forest Management - ARB Compliance,US,[],2/18/2020,440956,0,http://www.savetheredwoods.org
CAR,CAR1033,Sunny Knoll Farms Anaerobic Digester,Livestock - ARB Compliance,US,[],7/22/2020,5294,0,
CAR,CAR1055,T&M Bos Dairy,Livestock - ARB Compliance,US,[],2/11/2020,10392,0,
CAR,CAR1056,T&M Herrema Dairy,Livestock - ARB Compliance,US,[],12/21/2018,6045,0,
CAR,CAR1058,T&M Windy Ridge Dairy,Livestock - ARB Compliance,US,[],1/30/2020,13253,0,
CAR,CAR1396,Van Steyn Dairy Digester,Livestock Gas Capture/Combustion,US,[],6/2/2020,3214,0,
CAR,CAR989,Wakker Digester,Livestock - ARB Compliance,US,[],10/16/2018,9334,0,
CAR,CAR1206,Wapiti Woods I,Improved Forest Management - ARB Compliance,US,[],12/10/2018,322548,0,
CAR,CAR965,"WTE S&S Ag Enterprises, LLC",Livestock - ARB Compliance,US,[],8/22/2018,11991,0,
CAR,CAR1249,A-Gas Americas 2017-1,Ozone Depleting Substances - U.S. - ARB Compliance,US,[],3/9/2017,141207,0,http://www.agas.com
CAR,CAR1252,A-Gas Americas 2017-2,Ozone Depleting Substances - U.S. - ARB Compliance,US,[],5/4/2017,140916,0,http://www.agasamericas.com
CAR,CAR1254,A-Gas Americas 2017-3,Ozone Depleting Substances - U.S. - ARB Compliance,US,[],6/2/2017,140709,0,http://www.agasamericas.com
CAR,CAR1263,A-Gas Americas 2017-4,Ozone Depleting Substances - U.S. - ARB Compliance,US,[],8/2/2017,122129,0,http://www.agasamericas.com
CAR,CAR1268,A-Gas Americas 2017-6,Ozone Depleting Substances - U.S. - ARB Compliance,US,[],9/22/2017,55404,0,http://www.agasamericas.com
CAR,CAR1270,A-Gas Americas 2017-8,Ozone Depleting Substances - U.S. - ARB Compliance,US,[],10/27/2017,223464,0,http://www.agasamericas.com
CAR,CAR1286,A-Gas Americas 2018-1,Ozone Depleting Substances - U.S. - ARB Compliance,US,[],2/6/2018,154972,0,http://www.agasamericas.com
CAR,CAR1066,Buck Mountain ARB002,Improved Forest Management - ARB Compliance,US,[],1/17/2018,41967,0,
CAR,CAR502,Central Sanitary Landfill,Landfill Gas Capture/Combustion,US,[],6/16/2018,50770,0,
CAR,CAR1258,ClimeCo ODS Destruction 20,Ozone Depleting Substances - U.S. - ARB Compliance,US,[],8/14/2017,72606,0,http://www.climeco.com
CAR,CAR1271,ClimeCo ODS Destruction 21,Ozone Depleting Substances - U.S. - ARB Compliance,US,[],11/30/2017,140452,0,http://www.climeco.com
CAR,CAR1277,ClimeCo ODS Destruction 22,Ozone Depleting Substances - U.S. - ARB Compliance,US,[],4/10/2018,53956,0,http://www.climeco.com
CAR,CAR1278,ClimeCo ODS Destruction 23,Ozone Depleting Substances - U.S. - ARB Compliance,US,[],8/17/2018,44681,0,http://www.climeco.com
CAR,CAR1248,Coolgas 2016-4,Ozone Depleting Substances - U.S. - ARB Compliance,US,[],3/7/2017,96564,0,http://www.agas.com
CAR,CAR1267,Coolgas 2017-5,Ozone Depleting Substances - U.S. - ARB Compliance,US,[],6/7/2018,50793,0,http://www.agasamericas.com
CAR,CAR1269,Coolgas 2017-7,Ozone Depleting Substances - U.S. - ARB Compliance,US,[],11/22/2017,33184,0,http://www.agasamericas.com
CAR,CAR503,Crow Wing County Landfill Gas Collection System,Landfill Gas Capture/Combustion,US,[],7/30/2018,8168,0,
CAR,CAR1127,District 45 Dairy,Livestock - ARB Compliance,US,[],3/21/2018,13879,0,
CAR,CAR1244,DPC Domestic ODS Destruction Project #26,Ozone Depleting Substances - U.S. - ARB Compliance,US,[],10/24/2017,110990,0,http://www.divpc.com
CAR,CAR1251,DPC Domestic ODS Destruction Project #28,Ozone Depleting Substances - U.S. - ARB Compliance,US,[],6/6/2017,55471,0,http://www.divpc.com
CAR,CAR1272,DPC Domestic ODS Destruction Project #30,Ozone Depleting Substances - U.S. - ARB Compliance,US,[],12/20/2017,51298,0,http://www.divpc.com
CAR,CAR776,IESI-Trinity LaSalle/Grant Carbon Project,Landfill Gas Capture/Combustion,US,[],6/16/2018,5104,0,
CAR,CAR812,IESI-Trinity Timberlane Carbon Project,Landfill Gas Capture/Combustion,US,[],6/28/2018,15524,0,
CAR,CAR455,LP Gill Landfill Gas Recovery Project,Landfill Gas Capture/Combustion,US,[],7/20/2018,63102,0,
CAR,CAR429,McCloud River,Conservation-Based Forest Management,US,[],1/11/2019,21487,0,
CAR,CAR1049,Pagel's Ponderosa Dairy Methane Reduction Project,Livestock - ARB Compliance,US,[],11/15/2018,2648,0,http://pagelsponderosa.com/
CAR,CAR1137,Patterson Farms COP,Livestock - ARB Compliance,US,[],8/3/2018,3983,0,
CAR,CAR1287,Perfect Cycle ODS-3,Ozone Depleting Substances - U.S. - ARB Compliance,US,[],2/28/2018,52930,0,http://www.perfectcycle.com
CAR,CAR1177,"Pixley Biogas, LLC",Livestock - ARB Compliance,US,[],11/5/2018,3657,0,
CAR,CAR676,Pocosin Lakes Forest Conservation Project,Avoided Conversion,US,[],9/14/2018,1433,0,
CAR,CAR1041,Sacramento Canyon ARB001,Improved Forest Management - ARB Compliance,US,[],1/12/2018,83571,0,
CAR,CAR588,Stones Throw Landfill,Landfill Gas Capture/Combustion,US,[],3/29/2018,38045,0,
CAR,CAR782,Upstate Regional Landfill,Landfill Gas Capture/Combustion,US,[],7/12/2018,29352,0,
CAR,CAR1101,Vander Haak Dairy COP,Livestock - ARB Compliance,US,[],10/18/2018,2372,0,
CAR,CAR1146,Vanderhyde Dairy,Livestock - ARB Compliance,US,[],4/18/2018,8724,0,
CAR,CAR1126,West River Farm Anaerobic Digester Project,Livestock - ARB Compliance,US,[],3/1/2018,17067,0,
CAR,CAR1236,A-Gas Americas 2016-2,Ozone Depleting Substances - U.S. - ARB Compliance,US,[],8/23/2016,181191,0,http://www.agasamericas.com
CAR,CAR1240,A-Gas O'Hare,Ozone Depleting Substances - U.S. - ARB Compliance,US,[],12/6/2016,111348,0,http://www.agasamericas.com
CAR,CAR1092,Big Valley,Improved Forest Management - ARB Compliance,US,[],3/31/2017,52124,0,
CAR,CAR1250,ClimeCo ODS Destruction 18 and 19,Ozone Depleting Substances - U.S. - ARB Compliance,US,[],4/24/2017,226896,0,http://www.climeco.com
CAR,CAR1222,Coolgas 2016-1,Ozone Depleting Substances - U.S. - ARB Compliance,US,[],8/2/2016,145594,0,http://www.coolgas.com
CAR,CAR1239,Coolgas 2016-3,Ozone Depleting Substances - U.S. - ARB Compliance,US,[],10/24/2016,133239,0,
CAR,CAR1114,Crane Valley,Improved Forest Management - ARB Compliance,US,[],3/24/2017,356040,0,
CAR,CAR1234,DPC Domestic ODS Destruction Project #23,Ozone Depleting Substances - U.S. - ARB Compliance,US,[],9/26/2016,22548,0,http://www.divpc.com
CAR,CAR1235,DPC Domestic ODS Destruction Project #25,Ozone Depleting Substances - U.S. - ARB Compliance,US,[],8/30/2016,101950,0,http://www.divpc.com
CAR,CAR1243,DPC Domestic ODS Destruction Project #27,Ozone Depleting Substances - U.S. - ARB Compliance,US,[],3/2/2017,54382,0,http://www.divpc.com
CAR,CAR893,Duke Carbon Offsets Initiative - Loyd Ray Farms,Livestock Gas Capture/Combustion,US,[],2/6/2018,1179,0,http://https://sustainability.duke.edu/offsets
CAR,CAR476,Eagle Point Landfill,Landfill Gas Capture/Combustion,US,[],2/27/2017,181537,0,
CAR,CAR1074,EOS CAR 1074,Ozone Depleting Substances - U.S. - ARB Compliance,US,[],8/4/2016,57134,0,http://www.eosclimate.com
CAR,CAR1134,Finite Carbon - Brosnan Forest,Improved Forest Management - ARB Compliance,US,[],12/22/2017,28408,0,http://www
CAR,CAR409,McKinney Landfill,Landfill Gas Capture/Combustion,US,[],2/14/2017,54112,0,http://www.montaukenergy.com
CAR,CAR1242,Perfect Cycle ODS-2,Ozone Depleting Substances - U.S. - ARB Compliance,US,[],1/30/2017,42233,0,
CAR,CAR1233,Port of Tillamook Bay Regional Anaerobic Digester,Livestock - ARB Compliance,US,[],11/4/2016,22294,0,
CAR,CAR1125,Riverview Farm Anaerobic Digester Project,Livestock - ARB Compliance,US,[],4/6/2017,27245,0,
CAR,CAR1171,A-GAS Americas 2015-1,Ozone Depleting Substances - U.S. - ARB Compliance,US,[],10/5/2015,134418,0,
CAR,CAR1179,A-GAS RemTec 2015-2,Ozone Depleting Substances - U.S. - ARB Compliance,US,[],1/30/2016,135577,0,http://www.agasamericas.com
CAR,CAR1065,ABEC New Hope LLC,Livestock - ARB Compliance,US,[],8/2/2016,4978,0,http://www.calbioenergy.com
CAR,CAR411,"Beulah Municipal Landfill (Dorchester County, MD)",Landfill Gas Capture/Combustion,US,[],4/6/2016,11284,0,
CAR,CAR423,Butler County Landfill Pipeline Project,Landfill Gas Capture/Combustion,US,[],9/3/2015,5312,0,http://timberlineenergy.com
CAR,CAR1182,ClimeCo ODS Destruction 16 and 17,Ozone Depleting Substances - U.S. - ARB Compliance,US,[],3/22/2016,245955,0,http://www.climeco.com
CAR,CAR467,Coffee County Sanitary Landfill Gas Collection System,Landfill Gas Capture/Combustion,US,[],3/29/2016,60238,0,
CAR,CAR1219,Coolgas 2015-3,Ozone Depleting Substances - U.S. - ARB Compliance,US,[],5/10/2016,108622,0,http://www.coolgas.com
CAR,CAR1087,DPC Domestic ODS Destruction Project #21,Ozone Depleting Substances - U.S. - ARB Compliance,US,[],7/15/2015,128161,0,http://www.divpc.com
CAR,CAR1172,DPC Domestic ODS Destruction Project #22,Ozone Depleting Substances - U.S. - ARB Compliance,US,[],10/15/2015,130995,0,http://www.divpc.com
CAR,CAR1121,Fair Oaks Dairy Farm LLC Cyclus-Designed Digester,Livestock - ARB Compliance,US,[],6/29/2016,7421,0,
CAR,CAR761,L and D Landfill Methane Destruction Project,Landfill Gas Capture/Combustion,US,[],2/23/2016,32999,0,
CAR,CAR445,LCSWMA Landfill Gas-to-Energy Project,Landfill Gas Capture/Combustion,US,[],2/19/2016,46635,0,http://www.lcswma.org
CAR,CAR1077,Linde,Livestock - ARB Compliance,US,[],2/13/2017,1523,0,
CAR,CAR452,Steuben County Landfill Gas Flaring project,Landfill Gas Capture/Combustion,US,[],7/21/2015,7429,0,http://www.steubencony.org
CAR,CAR434,The Denton Landfill Gas Destruction Project,Landfill Gas Capture/Combustion,US,[],9/11/2015,10997,0,http://www.dtebe.com
CAR,CAR1064,Van-Erk Dairy Digester Project,Livestock - ARB Compliance,US,[],12/1/2016,4863,0,
CAR,CAR1051,A-GAS RemTec 2013-4,Ozone Depleting Substances - U.S. - ARB Compliance,US,[],12/10/2014,191960,0,http://www.remtec.net
CAR,CAR1069,A-GAS RemTec 2013-5,Ozone Depleting Substances - U.S. - ARB Compliance,US,[],5/5/2015,129101,0,http://www.remtec.net
CAR,CAR1072,A-GAS RemTec 2014-1,Ozone Depleting Substances - U.S. - ARB Compliance,US,[],10/2/2014,129838,0,http://www.remtec.net
CAR,CAR1089,A-GAS RemTec 2014-2,Ozone Depleting Substances - U.S. - ARB Compliance,US,[],5/20/2015,107744,0,http://www.remtec.net
CAR,CAR1093,A-GAS RemTec 2014-3,Ozone Depleting Substances - U.S. - ARB Compliance,US,[],11/5/2015,148331,0,http://www.remtec.net
CAR,CAR1001,Alliance Dairies,Livestock Gas Capture/Combustion,US,[],4/9/2015,7810,0,
CAR,CAR408,Big River / Salmon Creek Forests,Conservation-Based Forest Management,US,[],6/11/2015,219805,0,
CAR,CAR769,Big Run Landfill Gas Destruction Project,Landfill Gas Capture/Combustion,US,[],2/9/2015,31645,0,
CAR,CAR878,Bluff Road Landfill,Landfill Gas Capture/Combustion,US,[],7/1/2015,29954,0,
CAR,CAR474,Bridgewater Dairy LLC,Livestock Gas Capture/Combustion,US,[],9/22/2014,353,0,
CAR,CAR933,CalBio ORRD,Livestock Gas Capture/Combustion,US,[],2/28/2015,24756,0,
CAR,CAR479,Central Sands Dairy LLC,Livestock Gas Capture/Combustion,US,[],11/25/2014,389,0,
CAR,CAR457,Charleston Landfill Gas Utilization Project,Landfill Gas Capture/Combustion,US,[],1/21/2016,21459,0,
CAR,CAR994,Dairy Dreams,Livestock Gas Capture/Combustion,US,[],11/9/2015,10591,0,
CAR,CAR468,Davidson County Landfill Gas Destruction Project,Landfill Gas Capture/Combustion,US,[],3/11/2015,42836,0,http://www.dtebe.com
CAR,CAR775,District 45 Dairy,Livestock Gas Capture/Combustion,US,[],4/15/2015,14586,0,
CAR,CAR956,Double A Dairy,Livestock Gas Capture/Combustion,US,[],6/30/2015,49499,0,
CAR,CAR1047,DPC Domestic ODS Destruction Project #17,Ozone Depleting Substances - U.S. - ARB Compliance,US,[],12/15/2014,30587,0,http://www.divpc.com
CAR,CAR1059,DPC Domestic ODS Destruction Project #19,Ozone Depleting Substances - U.S. - ARB Compliance,US,[],1/6/2015,99696,0,http://www.divpc.com
CAR,CAR1071,DPC Domestic ODS Destruction Project #20,Ozone Depleting Substances - U.S. - ARB Compliance,US,[],2/10/2015,17848,0,http://www.divpc.com
CAR,CAR1068,ECC ODS Destruction 2-2014,Ozone Depleting Substances - U.S. - ARB Compliance,US,[],2/23/2015,126314,0,http://www.envcc.com
CAR,CAR980,"Edaleen Cow Power, LLC",Livestock Gas Capture/Combustion,US,[],1/23/2015,7754,0,
CAR,CAR891,Elk Creek Coal Mine Methane Destruction & Utilization Project,Coal Mine Methane - Drainage,US,[],9/30/2014,35454,0,
CAR,CAR990,EOS 2013 Domestic,Ozone Depleting Substances - U.S.,US,[],3/20/2014,41081,0,http://www.eosclimate.com
CAR,CAR1021,EOS ARB ODS 2013-8,Ozone Depleting Substances - U.S. - ARB Compliance,US,[],4/11/2014,67490,0,http://www.eosclimate.com
CAR,CAR1026,EOS ARB ODS 2014-2,Ozone Depleting Substances - U.S. - ARB Compliance,US,[],11/20/2014,33214,0,http://www.eosclimate.com
CAR,CAR477,Fair Oaks Dairy Farm LLC Cyclus-Designed Digester,Livestock Gas Capture/Combustion,US,[],3/10/2015,1769,0,
CAR,CAR478,Fair Oaks Dairy Farm LLC GHD-Designed Digester,Livestock Gas Capture/Combustion,US,[],2/5/2015,54929,0,
CAR,CAR102,Garcia River Forest,Conservation-Based Forest Management,US,[],4/10/2015,211630,0,
CAR,CAR978,Gardeau Crest Dairy,Livestock Gas Capture/Combustion,US,[],6/18/2015,12684,0,
CAR,CAR441,George DeRuyter & Sons Dairy,Livestock Gas Capture/Combustion,US,[],6/18/2015,23219,0,
CAR,CAR629,Green River Trona Mine Methane Destruction and Utilization Project,Coal Mine Methane - Drainage,US,[],9/10/2014,42896,0,
CAR,CAR504,Green Valley Dairy,Livestock Gas Capture/Combustion,US,[],4/6/2015,2955,0,
CAR,CAR612,Grotegut Dairy Farm Inc,Livestock Gas Capture/Combustion,US,[],9/30/2015,10201,0,
CAR,CAR660,Gualala River Forest,Improved Forest Management,US,[],8/6/2015,15156,0,
CAR,CAR599,Holsum Elm,Livestock Gas Capture/Combustion,US,[],3/27/2015,1526,0,
CAR,CAR601,Holsum Irish Dairy,Livestock Gas Capture/Combustion,US,[],3/31/2015,2518,0,
CAR,CAR590,Lompico Forest Carbon Project,Improved Forest Management,US,[],12/31/2015,1121,0,http://www.sempervirens.org
CAR,CAR762,Maple Leaf Dairy East,Livestock Gas Capture/Combustion,US,[],12/18/2015,2762,0,
CAR,CAR1007,Maple Leaf Dairy West,Livestock Gas Capture/Combustion,US,[],12/17/2015,14232,0,
CAR,CAR449,Riverview Farm Anaerobic Digester Project,Livestock Gas Capture/Combustion,US,[],4/21/2015,27826,0,http://NA
CAR,CAR920,Rockingham County NC Landfill Gas Project,Landfill Gas Capture/Combustion,US,[],5/5/2014,3722,0,http://www.co.rockingham.nc.us
CAR,CAR1085,"Roeslein Alternative Energy of Missouri, LLC - Ruckman",Livestock - ARB Compliance,US,[],4/10/2015,3968,0,http://www.roesleinae.com
CAR,CAR418,Scenic View Dairy I,Livestock Gas Capture/Combustion,US,[],3/18/2016,900,0,
CAR,CAR1014,"Storms Hog Power, LLC",Livestock Gas Capture/Combustion,US,[],2/24/2015,13641,0,
CAR,CAR606,Sunnyside Farms Inc,Livestock Gas Capture/Combustion,US,[],7/8/2015,10272,0,
CAR,CAR1067,Sustainable Mountain IFM,Improved Forest Management - ARB Compliance,US,[],11/25/2015,4343,0,
CAR,CAR957,"Synergy Biogas, LLC",Livestock Gas Capture/Combustion,US,[],6/9/2015,7874,0,
CAR,CAR402,The Dry Creek Dairy BioFactory® Project,Livestock Gas Capture/Combustion,US,[],6/18/2015,29527,0,
CAR,CAR101,The van Eck Forest,Conservation-Based Forest Management,US,[],9/16/2015,26502,0,
CAR,CAR1009,Threemile Canyon Farm Digester Project,Livestock Gas Capture/Combustion,US,[],12/31/2015,67201,0,
CAR,CAR1046,Trinity Timberlands University Hill Improved Forest Management Project,Improved Forest Management - ARB Compliance,US,[],4/30/2015,847895,0,http://www.forestcarbonpartners.com
CAR,CAR730,Usal Redwood Forest,Improved Forest Management,US,[],10/28/2015,339125,0,http://www.rffi.org
CAR,CAR944,Vanderhyde Dairy,Livestock Gas Capture/Combustion,US,[],12/1/2014,7141,0,
CAR,CAR686,Virginia Conservation Forestry Program - Clifton Farm,Improved Forest Management,US,[],7/2/2015,7298,0,http://www.nature.org/wherewework/northamerica/states/virginia/
CAR,CAR696,Virginia Conservation Forestry Program - Rich Mountain,Improved Forest Management,US,[],5/28/2015,10414,0,http://www.nature.org/wherewework/northamerica/states/virginia/
CAR,CAR697,Virginia Conservation Forestry Program - Tazewell - Elk Garden,Improved Forest Management,US,[],7/2/2015,17044,0,http://www.nature.org/wherewework/northamerica/states/virginia/
CAR,CAR450,West River Farm Anaerobic Digester Project,Livestock Gas Capture/Combustion,US,[],4/23/2015,19804,0,http://NA
CAR,CAR977,Willet Dairy,Livestock Gas Capture/Combustion,US,[],7/2/2015,17015,0,
CAR,CAR661,Willits Woods,Improved Forest Management,US,[],4/1/2015,173951,0,
CAR,CAR463,"Willow Point Dairy, LLC",Livestock Gas Capture/Combustion,US,[],7/21/2014,1961,0,
CAR,CAR1010,"WTE-Dallmann, LLC",Livestock Gas Capture/Combustion,US,[],8/20/2015,1310,0,
CAR,CAR777,Yurok Tribe Sustainable Forest Project,Improved Forest Management,US,[],9/23/2015,29415,0,http://www.yuroktribe.org
CAR,CAR1011,A-GAS RemTec 2013-1,Ozone Depleting Substances - U.S. - ARB Compliance,US,[],5/22/2014,93055,0,http://www.remtec.net
CAR,CAR655,Alder Stream Preserve,Improved Forest Management,US,[],3/2/2015,758,0,http://www.forestcarbonpartners.com
CAR,CAR607,Aurora Ridge,Livestock Gas Capture/Combustion,US,[],2/4/2015,11375,0,
CAR,CAR814,Bartow Landfill,Landfill Gas Capture/Combustion,US,[],4/29/2014,10456,0,http://www.montaukenergy.com
CAR,CAR824,Billings Regional Landfill,Landfill Gas Capture/Combustion,US,[],12/23/2014,62436,0,
CAR,CAR773,Clayton County Landfill Gas Project,Landfill Gas Capture/Combustion,US,[],3/20/2014,24839,0,
CAR,CAR1023,Coolgas ODS 2013 Project #1,Ozone Depleting Substances - U.S.,US,[],6/4/2014,108627,0,http://www.coolgas.com
CAR,CAR393,Cottonwood Dairy Livestock Gas Capture Project,Livestock Gas Capture/Combustion,US,[],2/24/2015,16645,0,
CAR,CAR1003,DPC Domestic ODS Destruction Project #13,Ozone Depleting Substances - U.S.,US,[],8/14/2013,53490,0,http://www.divpc.com
CAR,CAR1012,DPC Domestic ODS Destruction Project #14,Ozone Depleting Substances - U.S. - ARB Compliance,US,[],1/28/2014,23276,0,http://www.divpc.com
CAR,CAR1016,DPC Domestic ODS Destruction Project #15,Ozone Depleting Substances - U.S. - ARB Compliance,US,[],1/30/2014,46275,0,http://www.divpc.com
CAR,CAR1025,DPC Domestic ODS Destruction Project #16,Ozone Depleting Substances - U.S. - ARB Compliance,US,[],3/28/2014,24874,0,http://www.divpc.com
CAR,CAR1029,ECC ODS Destruction 11-2013,Ozone Depleting Substances - U.S. - ARB Compliance,US,[],12/5/2014,113438,0,http://www.envcc.com
CAR,CAR992,EOS ARB ODS 2013-1,Ozone Depleting Substances - U.S. - ARB Compliance,US,[],9/18/2013,107542,0,http://www.eosclimate.com
CAR,CAR995,EOS ARB ODS 2013-3,Ozone Depleting Substances - U.S. - ARB Compliance,US,[],2/12/2014,122800,0,http://www.eosclimate.com
CAR,CAR1000,EOS ARB ODS 2013-5,Ozone Depleting Substances - U.S. - ARB Compliance,US,[],2/7/2014,126155,0,http://www.eosclimate.com
CAR,CAR955,EOS Article 5 - Nepal,Ozone Depleting Substances - Article 5 Imports,US,[],11/6/2013,82391,0,http://www.eosclimate.com
CAR,CAR794,Farm Power Lynden Anaerobic Digester,Livestock Gas Capture/Combustion,US,[],4/4/2014,8706,0,
CAR,CAR1004,Finite Carbon - Berry Summit,Improved Forest Management,US,[],10/23/2013,239205,0,http://www.finitecarbon.com
CAR,CAR657,Finite Carbon - Farm Cove Community Forest Project,Improved Forest Management,US,[],6/4/2015,1024,0,http://www.downeastlakes.org
CAR,CAR582,Finite Carbon - MWF Brimstone IFM Project I,Improved Forest Management,US,[],1/9/2015,7346,0,http://www.finitecarbon.com
CAR,CAR780,Finite Carbon - Shannondale Tree Farm,Improved Forest Management,US,[],12/17/2015,6002,0,http://www.finitecarbon.com
CAR,CAR589,Fiscalini Farms Anaerobic Digester,Livestock Gas Capture/Combustion,US,[],3/19/2015,5955,0,http://www.fiscalinifarms.com
CAR,CAR749,Green Assets - Middleton Avoided Conversion,Avoided Conversion,US,[],5/22/2014,50451,0,
CAR,CAR540,Hardin County Landfill,Landfill Gas Capture/Combustion,US,[],8/21/2013,29898,0,
CAR,CAR681,Howland Research Forest,Improved Forest Management,US,[],3/13/2015,1033,0,http://www.forestcarbonpartners.com
CAR,CAR557,Mt. Herman Landfill Gas Project,Landfill Gas Capture/Combustion,US,[],9/27/2013,1729,0,
CAR,CAR602,Patterson Farms,Livestock Gas Capture/Combustion,US,[],12/24/2013,5895,0,
CAR,CAR796,Peninsula Composting,Organic Waste Composting,US,[],6/19/2014,22984,0,http://www.peninsulacompostcompany.com
CAR,CAR600,Recology Yuba-Sutter North Area LFG,Landfill Gas Capture/Combustion,US,[],10/3/2014,8197,0,
CAR,CAR481,Southtex Greenwood Farms,Landfill Gas Capture/Combustion,US,[],9/18/2014,116005,0,
CAR,CAR766,Terra Verdigris #2,Nitric Acid N2O- Secondary Catalyst,US,[],12/31/2014,394119,0,
CAR,CAR577,VAMOX® Demonstration Project at JWR Shaft No. 4-9,Coal Mine Methane - VAM,US,[],7/2/2013,227,0,http://www.biothermica.com
CAR,CAR949,Vander Haak Dairy,Livestock Gas Capture/Combustion,US,[],7/16/2014,3097,0,
CAR,CAR793,Verdeo McElroy VAM Abatement Project,Coal Mine Methane - VAM,US,[],1/24/2014,134940,0,http://www.sindicatum.com/verdeo
CAR,CAR801,Z-Best Food Waste Composting,Organic Waste Composting,US,[],3/18/2015,6799,0,http://www.zankerrecycling.com
CAR,CAR459,American Environmental Landfill (AEL),Landfill Gas Capture/Combustion,US,[],10/2/2012,19156,0,http://www.montaukenergy.com
CAR,CAR456,Blue Ridge Landfill,Landfill Gas Capture/Combustion,US,[],6/7/2013,11250,0,
CAR,CAR439,Bluesource - Camelot Landfill,Landfill Gas Capture/Combustion,US,[],5/3/2012,4843,0,
CAR,CAR551,Bluesource - Indian Creek Landfill Gas Project,Landfill Gas Capture/Combustion,US,[],11/20/2012,8552,0,
CAR,CAR469,Bluesource - MP Greenwood Landfill Gas to Energy Project,Landfill Gas Capture/Combustion,US,[],7/26/2013,5000,0,http://www.methanepower.net
CAR,CAR482,Bluesource - MP Wilson Landfill Gas Project,Landfill Gas Capture/Combustion,US,[],5/22/2013,5760,0,http://www.methanepower.net
CAR,CAR830,Bluesource - Sarpy County Landfill Project,Landfill Gas Capture/Combustion,US,[],8/28/2012,10396,0,
CAR,CAR440,Bos Dairy,Livestock Gas Capture/Combustion,US,[],5/29/2013,1746,0,http://N/A
CAR,CAR419,Brook View Dairy,Livestock Gas Capture/Combustion,US,[],8/28/2013,16583,0,
CAR,CAR764,Cedar Rapids Linn County Solid Waste Agency Landfill Gas Project,Landfill Gas Capture/Combustion,US,[],4/24/2013,3954,0,
CAR,CAR644,Central LFG to Energy Project,Landfill Gas Capture/Combustion,US,[],11/15/2012,96,0,
CAR,CAR948,Coolgas US ODS Project 2,Ozone Depleting Substances - U.S.,US,[],4/18/2012,159651,0,
CAR,CAR799,CSE AZ Facility I,Livestock Gas Capture/Combustion,US,[],7/16/2013,14412,0,
CAR,CAR975,DPC Domestic ODS Destruction Project #10,Ozone Depleting Substances - U.S.,US,[],2/14/2013,31701,0,http://www.divpc.com
CAR,CAR981,DPC Domestic ODS Destruction Project #11,Ozone Depleting Substances - U.S.,US,[],2/14/2013,80612,0,http://www.divpc.com
CAR,CAR960,DPC Domestic ODS Destruction Project #8,Ozone Depleting Substances - U.S.,US,[],8/9/2012,46511,0,http://divpc.com/
CAR,CAR972,DPC Domestic ODS Destruction Project #9,Ozone Depleting Substances - U.S.,US,[],11/28/2012,34107,0,http://divpc.com/
CAR,CAR451,East Central Sanitary Landfill Voluntary GCCS,Landfill Gas Capture/Combustion,US,[],3/30/2013,27549,0,http://www.ecswc.cog.mn.us
CAR,CAR947,ECC-PA-ODS-003,Ozone Depleting Substances - U.S.,US,[],5/29/2012,142199,0,http://www.envcc.com
CAR,CAR946,EOS-CAR2012 Domestic,Ozone Depleting Substances - U.S.,US,[],3/2/2012,65501,0,http://www.eosclimate.com
CAR,CAR648,Finite Carbon - Potlatch Moro Big Pine CE,Improved Forest Management,US,[],5/10/2013,6583,0,
CAR,CAR645,Finite Carbon - The Forestland Group Champion Property,Improved Forest Management,US,[],1/23/2014,48387,0,
CAR,CAR412,Green Meadow Farm,Livestock Gas Capture/Combustion,US,[],11/6/2013,4565,0,
CAR,CAR487,Herrema Dairy,Livestock Gas Capture/Combustion,US,[],6/21/2013,10567,0,http://N/A
CAR,CAR901,Honeywell ODS Destruction Project,Ozone Depleting Substances - U.S.,US,[],4/11/2013,34332,0,
CAR,CAR634,Linde Dairy,Livestock Gas Capture/Combustion,US,[],7/25/2013,2615,0,
CAR,CAR566,Mahoning Landfill,Landfill Gas Capture/Combustion,US,[],1/13/2014,108487,0,
CAR,CAR591,Martinsville Methane Collection Project,Landfill Gas Capture/Combustion,US,[],8/23/2013,18485,0,
CAR,CAR483,Mt. Carberry Landfill,Landfill Gas Capture/Combustion,US,[],3/30/2013,41629,0,
CAR,CAR834,Northwestern Landfill,Landfill Gas Capture/Combustion,US,[],10/25/2013,40153,0,
CAR,CAR826,O.S.L. ODS Destruction Project Mexico,Ozone Depleting Substances - Article 5 Imports,US,[],6/14/2012,89834,0,
CAR,CAR532,Pagel’s Ponderosa Dairy,Livestock Gas Capture/Combustion,US,[],5/10/2013,16461,0,
CAR,CAR952,PCS Domestic ODS Destruction Project #6,Ozone Depleting Substances - U.S.,US,[],4/19/2012,234374,0,http://www.purechemseparation.com
CAR,CAR954,PCS Domestic ODS Destruction Project #7,Ozone Depleting Substances - U.S.,US,[],5/15/2012,73584,0,http://www.purechemseparation.com
CAR,CAR839,PCS Nitrogen Fertilizer LP - NAP V Nitrous Oxide Abatement Project,Nitric Acid N2O- Secondary Catalyst,US,[],1/29/2014,334033,0,
CAR,CAR945,Perfect Cycle ODS-1,Ozone Depleting Substances - U.S.,US,[],12/13/2012,52500,0,
CAR,CAR630,Presque Isle Landfill,Landfill Gas Capture/Combustion,US,[],11/14/2012,479,0,
CAR,CAR833,Pure Chem Domestic ODS Destruction Project #5,Ozone Depleting Substances - U.S.,US,[],2/8/2012,71821,0,http://www.purechemseparation.com
CAR,CAR496,Recology Hay Road LFG,Landfill Gas Capture/Combustion,US,[],7/30/2013,46295,0,
CAR,CAR628,Refex ODS California 2010,Ozone Depleting Substances - U.S.,US,[],11/6/2012,12510,0,http://www.refex.com
CAR,CAR818,RemTec International ODS Destruction Domestic Project #1,Ozone Depleting Substances - U.S.,US,[],7/23/2012,90214,0,http://www.remtec.net
CAR,CAR974,RemTec ODS Destruction Domestic Project #2,Ozone Depleting Substances - U.S.,US,[],12/29/2012,120267,0,http://www.remtec.net
CAR,CAR959,RR 2012 1,Ozone Depleting Substances - U.S.,US,[],9/6/2012,54497,0,
CAR,CAR462,Sioux Falls Regional Sanitary Landfill,Landfill Gas Capture/Combustion,US,[],1/21/2014,197913,0,http://www.terrapass.com
CAR,CAR806,Southern Generation,Livestock Gas Capture/Combustion,US,[],8/8/2013,8412,0,http://n/a
CAR,CAR843,"Sunny Farms Landfill, LLC",Landfill Gas Capture/Combustion,US,[],1/31/2014,50240,0,
CAR,CAR490,Sunny Knoll Farms,Livestock Gas Capture/Combustion,US,[],1/9/2013,2569,0,http://www.rcminternationalllc.com
CAR,CAR485,The Greenbrier Landfill Project,Landfill Gas Capture/Combustion,US,[],3/29/2013,13318,0,
CAR,CAR620,Upper Piedmont Landfill,Landfill Gas Capture/Combustion,US,[],6/5/2013,23951,0,
CAR,CAR488,Windy Ridge Dairy,Livestock Gas Capture/Combustion,US,[],7/29/2013,14297,0,http://N/A
CAR,CAR906,WSO 2011 2,Ozone Depleting Substances - U.S.,US,[],3/27/2012,46215,0,
CAR,CAR471,Clinton County Landfill Methane Destruction Project,Landfill Gas Capture/Combustion,US,[],4/14/2012,86668,0,
CAR,CAR535,CMW Landfill Methane Reduction Project,Landfill Gas Capture/Combustion,US,[],7/4/2012,14247,0,
CAR,CAR905,Coolgas US ODS Project 1,Ozone Depleting Substances - U.S.,US,[],1/11/2012,125306,0,
CAR,CAR813,Coyne Farms,Livestock Gas Capture/Combustion,US,[],8/8/2012,707,0,
CAR,CAR786,ECC-ODS-CA-002,Ozone Depleting Substances - U.S.,US,[],9/27/2011,47593,0,
CAR,CAR784,ECC-ODS-PA-001,Ozone Depleting Substances - U.S.,US,[],8/29/2011,109653,0,
CAR,CAR804,EOS-CAR2011 Domestic,Ozone Depleting Substances - U.S.,US,[],5/23/2011,113474,0,http://www.eosclimate.com
CAR,CAR604,EOS-JA-09-01,Ozone Depleting Substances - U.S.,US,[],3/10/2011,176882,0,http://www.eosclimate.com
CAR,CAR831,Fessenden Dairy,Livestock Gas Capture/Combustion,US,[],8/1/2012,350,0,
CAR,CAR658,Finite Carbon - Brosnan Forest,Improved Forest Management,US,[],10/14/2013,10847,0,http://www.finitecarbon.com
CAR,CAR437,Meadow Branch Landfill,Landfill Gas Capture/Combustion,US,[],8/9/2012,10413,0,
CAR,CAR815,Methane Recovery in G-06 Swine Farm,Livestock - MX,MX,[],2/13/2012,575,0,http://www.kentsorensen.com
CAR,CAR836,Miedema Dairy,Livestock Gas Capture/Combustion,US,[],3/2/2012,1330,0,
CAR,CAR548,Newland Park Landfill,Landfill Gas Capture/Combustion,US,[],4/26/2011,8536,0,http://www.wicomicocounty.org/pubwrk/solid.htm
CAR,CAR464,"Noblehurst Farms, Inc.",Livestock Gas Capture/Combustion,US,[],5/18/2012,1552,0,http://N/A
CAR,CAR805,Pure Chem Domestic ODS Destruction Project #3,Ozone Depleting Substances - U.S.,US,[],5/5/2011,55730,0,http://www.purechemseparation.com
CAR,CAR832,Pure Chem Domestic ODS Destruction Project #4,Ozone Depleting Substances - U.S.,US,[],9/13/2011,30061,0,http://www.purechemseparation.com
CAR,CAR508,RCSWA Landfill GHG Project,Landfill Gas Capture/Combustion,US,[],5/2/2012,41463,0,http://www.raleigh-swa.org
CAR,CAR883,RemTec International ODS Destruction Domestic Project #2,Ozone Depleting Substances - U.S.,US,[],11/1/2011,41538,0,http://www.remtec.net
CAR,CAR691,RemTec International ODS Destruction Import Project #1,Ozone Depleting Substances - Article 5 Imports,US,[],6/23/2011,1272689,0,http://www.remtec.net
CAR,CAR855,Ridgecrest Dairy,Livestock Gas Capture/Combustion,US,[],9/25/2012,362,0,
CAR,CAR426,Robeson County Landfill,Landfill Gas Capture/Combustion,US,[],11/13/2012,28772,0,
CAR,CAR885,Will-O-Crest Farms Livestock Project,Livestock Gas Capture/Combustion,US,[],9/25/2012,387,0,
CAR,CAR486,Worcester County Central Landfill Gas-to-Energy Project,Landfill Gas Capture/Combustion,US,[],4/4/2012,20625,0,
CAR,CAR795,WSO 2011 1,Ozone Depleting Substances - U.S.,US,[],6/30/2011,33097,0,
CAR,CAR424,Chautauqua County,Landfill Gas Capture/Combustion,US,[],9/27/2010,66880,0,http://79.319016
CAR,CAR480,Colebrook Landfill,Landfill Gas Capture/Combustion,US,[],6/15/2011,9435,0,
CAR,CAR597,Coolgas India ODS project 2,Ozone Depleting Substances - Article 5 Imports,US,[],10/27/2010,551802,0,
CAR,CAR513,Finney County Landfill Gas Destruction,Landfill Gas Capture/Combustion,US,[],4/1/2011,1123,0,
CAR,CAR399,Granger Decatur Landfill Gas Destruction Project,Landfill Gas Capture/Combustion,US,[],5/23/2011,33763,0,
CAR,CAR454,New River Regional Landfill,Landfill Gas Capture/Combustion,US,[],10/13/2010,16916,0,
CAR,CAR781,Pure Chem Domestic ODS Destruction Project #2,Ozone Depleting Substances - U.S.,US,[],12/17/2010,35437,0,http://www.purechemseparation.com
CAR,CAR430,RPH Ranch,Conservation-Based Forest Management,US,[],10/2/2012,12117,0,http://craigblenco@gmail.com
CAR,CAR580,Tollenaar Holsteins Dairy Manure Anaerobic Digester,Livestock Gas Capture/Combustion,US,[],3/8/2013,2176,0,
CAR,CAR448,Tri-Community Recycling and Sanitary Landfill,Landfill Gas Capture/Combustion,US,[],11/11/2011,4091,0,
CAR,CAR501,Windsor-Bloomfield Methane Reduction Project,Landfill Gas Capture/Combustion,US,[],4/1/2011,20830,0,
CAR,CAR507,City of Lee's Summit Resource Recovery Park,Landfill Gas Capture/Combustion,US,[],8/2/2010,5548,0,
CAR,CAR596,Coolgas India ODS Project 1,Ozone Depleting Substances - Article 5 Imports,US,[],5/14/2010,683087,0,http://www.coolgas.com
CAR,CAR578,Cottonwood Dairy Organic Waste Digestion Project,Organic Waste Digestion,US,[],3/25/2011,18858,0,
CAR,CAR397,"Intrepid Technology Resources, Inc. Anaerobic Digester at the Westpoint Dairy",Livestock Gas Capture/Combustion,US,[],2/27/2009,9303,0,
CAR,CAR396,"Intrepid Technology Resources, Inc. Anaerobic Digester at the Whitesides Dairy Farm",Livestock Gas Capture/Combustion,US,[],2/27/2009,17067,0,
